block,group,left,overlap,principal_angle_cosines_json,rank,right,step,top_principal_angle_cosine
concat,A,train_harm_full_sequence,0.11851496994495392,[0.344260036945343],1,eval_pivot,225,0.344260036945343
concat,A,train_harm_full_sequence,0.3150011897087097,"[0.7509046792984009, 0.25718575716018677]",2,eval_pivot,225,0.7509046792984009
concat,A,train_harm_full_sequence,0.37994447350502014,"[0.9235852956771851, 0.7558697462081909, 0.29805347323417664, 0.08119902014732361]",4,eval_pivot,225,0.9235852956771851
concat,A,train_harm_full_sequence,0.34983259439468384,"[0.952011227607727, 0.8789647817611694, 0.8472000956535339, 0.48696497082710266, 0.275360643863678, 0.26343730092048645, 0.1401771456003189, 0.0009927608771249652]",8,eval_pivot,225,0.952011227607727
concat,A,train_harm_full_sequence,0.3649144172668457,"[0.9590044617652893, 0.9151789546012878, 0.8939298391342163, 0.8119167685508728, 0.8001906275749207, 0.7310317754745483, 0.6808076500892639, 0.5929056406021118, 0.5500114560127258, 0.33815085887908936, 0.33013150095939636, 0.24781645834445953, 0.15075655281543732, 0.12239362299442291, 0.07984568178653717, 0.04448869079351425]",16,eval_pivot,225,0.9590044617652893
concat,B,train_harm_full_sequence,6.760104156455782e-07,[0.0008221985190175474],1,eval_neutral,225,0.0008221985190175474
concat,B,train_harm_full_sequence,0.3027856945991516,"[0.744204580783844, 0.2274443656206131]",2,eval_neutral,225,0.744204580783844
concat,B,train_harm_full_sequence,0.34286925196647644,"[0.9185099601745605, 0.6627798080444336, 0.28108957409858704, 0.09761178493499756]",4,eval_neutral,225,0.9185099601745605
concat,B,train_harm_full_sequence,0.3241395950317383,"[0.9480660557746887, 0.8765421509742737, 0.7553183436393738, 0.45646336674690247, 0.23162119090557098, 0.20555779337882996, 0.18469883501529694, 0.13069383800029755]",8,eval_neutral,225,0.9480660557746887
concat,B,train_harm_full_sequence,0.34212204813957214,"[0.9553080797195435, 0.9181482195854187, 0.8630532622337341, 0.8240342140197754, 0.8082482814788818, 0.7249658107757568, 0.636620283126831, 0.5439959764480591, 0.3656972348690033, 0.333408921957016, 0.3264160454273224, 0.2066250890493393, 0.12518902122974396, 0.05479397997260094, 0.03948308899998665, 0.004597339779138565]",16,eval_neutral,225,0.9553080797195435
concat,C,train_safe_full_sequence,0.00908114667981863,[0.09529504925012589],1,eval_pivot,225,0.09529504925012589
concat,C,train_safe_full_sequence,0.23163194954395294,"[0.6801186203956604, 0.02650604397058487]",2,eval_pivot,225,0.6801186203956604
concat,C,train_safe_full_sequence,0.18549999594688416,"[0.6986756324768066, 0.48042747378349304, 0.14087627828121185, 0.05653019994497299]",4,eval_pivot,225,0.6986756324768066
concat,C,train_safe_full_sequence,0.20749543607234955,"[0.7729285955429077, 0.6803338527679443, 0.6346311569213867, 0.323900431394577, 0.2739024758338928, 0.12257128208875656, 0.04441535845398903, 0.0019127682317048311]",8,eval_pivot,225,0.7729285955429077
concat,C,train_safe_full_sequence,0.2099309265613556,"[0.8242802619934082, 0.7563878297805786, 0.7203313112258911, 0.6922177672386169, 0.5302503705024719, 0.468246191740036, 0.41872429847717285, 0.37955230474472046, 0.3451403081417084, 0.27409815788269043, 0.21208319067955017, 0.1690947264432907, 0.1135479062795639, 0.07411636412143707, 0.057196054607629776, 0.0001498924393672496]",16,eval_pivot,225,0.8242802619934082
A_block,A,train_harm_full_sequence,0.7119538187980652,[0.8437735438346863],1,eval_pivot,225,0.8437735438346863
A_block,A,train_harm_full_sequence,0.6679692268371582,"[0.9399949312210083, 0.6725682616233826]",2,eval_pivot,225,0.9399949312210083
A_block,A,train_harm_full_sequence,0.6935276389122009,"[0.9864053130149841, 0.8864795565605164, 0.880860447883606, 0.48923811316490173]",4,eval_pivot,225,0.9864053130149841
A_block,A,train_harm_full_sequence,0.5982275605201721,"[0.9936560988426208, 0.9631186723709106, 0.9287728071212769, 0.910219132900238, 0.843271791934967, 0.6630263924598694, 0.14911535382270813, 0.08250061422586441]",8,eval_pivot,225,0.9936560988426208
A_block,A,train_harm_full_sequence,0.37601423263549805,"[0.9949778318405151, 0.9763948321342468, 0.9568592309951782, 0.9331822991371155, 0.8879448175430298, 0.7382799983024597, 0.6642349362373352, 0.41713714599609375, 0.32481643557548523, 0.28491416573524475, 0.2385932058095932, 0.21600662171840668, 0.16449414193630219, 0.10601293295621872, 0.09425192326307297, 0.01812068000435829]",16,eval_pivot,225,0.9949778318405151
A_block,B,train_harm_full_sequence,0.7619845271110535,[0.8729172348976135],1,eval_neutral,225,0.8729172348976135
A_block,B,train_harm_full_sequence,0.718968391418457,"[0.953104555606842, 0.7276870608329773]",2,eval_neutral,225,0.953104555606842
A_block,B,train_harm_full_sequence,0.6507084965705872,"[0.9861037135124207, 0.8868286609649658, 0.8149656653404236, 0.42402762174606323]",4,eval_neutral,225,0.9861037135124207
A_block,B,train_harm_full_sequence,0.5918165445327759,"[0.9937210083007812, 0.961433470249176, 0.94045490026474, 0.9038610458374023, 0.8514265418052673, 0.6285527348518372, 0.029713625088334084, 0.019694684073328972]",8,eval_neutral,225,0.9937210083007812
A_block,B,train_harm_full_sequence,0.3740074932575226,"[0.9949708580970764, 0.9737982749938965, 0.9603297114372253, 0.9338003993034363, 0.8855947256088257, 0.7377757430076599, 0.6063504815101624, 0.4762202203273773, 0.31534072756767273, 0.29621702432632446, 0.24593007564544678, 0.20260922610759735, 0.16103602945804596, 0.09937778115272522, 0.048694439232349396, 0.04147389531135559]",16,eval_neutral,225,0.9949708580970764
A_block,C,train_safe_full_sequence,0.698649525642395,[0.8358525633811951],1,eval_pivot,225,0.8358525633811951
A_block,C,train_safe_full_sequence,0.48611634969711304,"[0.9673588275909424, 0.19091789424419403]",2,eval_pivot,225,0.9673588275909424
A_block,C,train_safe_full_sequence,0.5948871970176697,"[0.9831536412239075, 0.8706128001213074, 0.8091957569122314, 0.01390407420694828]",4,eval_pivot,225,0.9831536412239075
A_block,C,train_safe_full_sequence,0.5212422013282776,"[0.991192638874054, 0.9083467721939087, 0.896109938621521, 0.8358341455459595, 0.7198753356933594, 0.5268839597702026, 0.24785315990447998, 0.05908375605940819]",8,eval_pivot,225,0.991192638874054
A_block,C,train_safe_full_sequence,0.350442111492157,"[0.9926591515541077, 0.9444897174835205, 0.9182354807853699, 0.89958256483078, 0.8739826083183289, 0.6615974307060242, 0.5351471900939941, 0.45298272371292114, 0.35629385709762573, 0.2993820607662201, 0.2809600830078125, 0.2149312049150467, 0.1671346127986908, 0.10681800544261932, 0.05471030995249748, 0.007542239036411047]",16,eval_pivot,225,0.9926591515541077
B_block,A,train_harm_full_sequence,0.103182852268219,[0.32122087478637695],1,eval_pivot,225,0.32122087478637695
B_block,A,train_harm_full_sequence,0.31534287333488464,"[0.7612881064414978, 0.2261110097169876]",2,eval_pivot,225,0.7612881064414978
B_block,A,train_harm_full_sequence,0.3760305941104889,"[0.9240618944168091, 0.7582011818885803, 0.26192188262939453, 0.0822192057967186]",4,eval_pivot,225,0.9240618944168091
B_block,A,train_harm_full_sequence,0.3493960499763489,"[0.9523454308509827, 0.8755857348442078, 0.8447990417480469, 0.4868490397930145, 0.28331267833709717, 0.2602578103542328, 0.15114890038967133, 0.0015877337427809834]",8,eval_pivot,225,0.9523454308509827
B_block,A,train_harm_full_sequence,0.3656541705131531,"[0.959132969379425, 0.9136126041412354, 0.8933931589126587, 0.8115957379341125, 0.8033085465431213, 0.729548990726471, 0.6824694275856018, 0.5976396799087524, 0.5534406900405884, 0.3438471555709839, 0.33288878202438354, 0.24595145881175995, 0.1494549810886383, 0.11643906682729721, 0.07107537239789963, 0.04169463366270065]",16,eval_pivot,225,0.959132969379425
B_block,B,train_harm_full_sequence,0.0007125065894797444,[0.026692818850278854],1,eval_neutral,225,0.026692818850278854
B_block,B,train_harm_full_sequence,0.30303487181663513,"[0.7525891065597534, 0.1991969645023346]",2,eval_neutral,225,0.7525891065597534
B_block,B,train_harm_full_sequence,0.34047141671180725,"[0.919244647026062, 0.6652883291244507, 0.25563564896583557, 0.09442933648824692]",4,eval_neutral,225,0.919244647026062
B_block,B,train_harm_full_sequence,0.3237697184085846,"[0.9485213160514832, 0.8709272146224976, 0.7585358023643494, 0.45270729064941406, 0.23548580706119537, 0.20390190184116364, 0.19267994165420532, 0.13219472765922546]",8,eval_neutral,225,0.9485213160514832
B_block,B,train_harm_full_sequence,0.34210261702537537,"[0.9555490612983704, 0.9153573513031006, 0.8634896278381348, 0.8243411779403687, 0.8112411499023438, 0.7210927605628967, 0.6370207667350769, 0.5509377717971802, 0.36120498180389404, 0.34010788798332214, 0.32412201166152954, 0.19754402339458466, 0.1254378855228424, 0.05322860926389694, 0.03649650141596794, 0.0006250106962397695]",16,eval_neutral,225,0.9555490612983704
B_block,C,train_safe_full_sequence,0.003418275620788336,[0.058466020971536636],1,eval_pivot,225,0.058466020971536636
B_block,C,train_safe_full_sequence,0.22024254500865936,"[0.6635364294052124, 0.014300577342510223]",2,eval_pivot,225,0.6635364294052124
B_block,C,train_safe_full_sequence,0.18065860867500305,"[0.6832830309867859, 0.4830455780029297, 0.1409534513950348, 0.05057475343346596]",4,eval_pivot,225,0.6832830309867859
B_block,C,train_safe_full_sequence,0.20610255002975464,"[0.7608743906021118, 0.6788988709449768, 0.6382094621658325, 0.3246510922908783, 0.27869123220443726, 0.12788483500480652, 0.047415681183338165, 0.002374964766204357]",8,eval_pivot,225,0.7608743906021118
B_block,C,train_safe_full_sequence,0.20960776507854462,"[0.8136369585990906, 0.7572489380836487, 0.7205712199211121, 0.6937502026557922, 0.5323964953422546, 0.47017794847488403, 0.421215683221817, 0.38019412755966187, 0.3477918803691864, 0.27653852105140686, 0.21143804490566254, 0.16906166076660156, 0.10971201956272125, 0.07283002138137817, 0.056879520416259766, 0.0005421549431048334]",16,eval_pivot,225,0.8136369585990906
concat,A,train_harm_full_sequence,0.031169071793556213,[0.17654764652252197],1,eval_pivot,250,0.17654764652252197
concat,A,train_harm_full_sequence,0.1278209686279297,"[0.4986511170864105, 0.08360029757022858]",2,eval_pivot,250,0.4986511170864105
concat,A,train_harm_full_sequence,0.3188171088695526,"[0.8745617866516113, 0.6941768527030945, 0.1635482758283615, 0.04219561070203781]",4,eval_pivot,250,0.8745617866516113
concat,A,train_harm_full_sequence,0.36746746301651,"[0.9426435828208923, 0.8530884385108948, 0.8508041501045227, 0.5723779797554016, 0.46525877714157104, 0.20851631462574005, 0.0933191105723381, 0.05714591220021248]",8,eval_pivot,250,0.9426435828208923
concat,A,train_harm_full_sequence,0.36880651116371155,"[0.9525576829910278, 0.9123825430870056, 0.88401859998703, 0.8352949023246765, 0.8077992796897888, 0.7722076773643494, 0.6389273405075073, 0.5808858871459961, 0.4943312406539917, 0.4596829414367676, 0.32931309938430786, 0.2796615660190582, 0.16860559582710266, 0.11985141783952713, 0.04711553081870079, 0.0068976981565356255]",16,eval_pivot,250,0.9525576829910278
concat,B,train_harm_full_sequence,0.0003593075380194932,[0.01895540952682495],1,eval_neutral,250,0.01895540952682495
concat,B,train_harm_full_sequence,0.1128007024526596,"[0.4693772494792938, 0.07270756363868713]",2,eval_neutral,250,0.4693772494792938
concat,B,train_harm_full_sequence,0.27259311079978943,"[0.8729005455970764, 0.5642815232276917, 0.07700943201780319, 0.0638202503323555]",4,eval_neutral,250,0.8729005455970764
concat,B,train_harm_full_sequence,0.32495003938674927,"[0.9355388879776001, 0.8723283410072327, 0.7658661603927612, 0.43054816126823425, 0.37123286724090576, 0.20451444387435913, 0.10850749909877777, 0.008613377809524536]",8,eval_neutral,250,0.9355388879776001
concat,B,train_harm_full_sequence,0.3405102789402008,"[0.9498820304870605, 0.9108072519302368, 0.8558740019798279, 0.8436494469642639, 0.7911521196365356, 0.7479841709136963, 0.5883306860923767, 0.4899374842643738, 0.459023654460907, 0.3707122504711151, 0.2812787890434265, 0.23471374809741974, 0.09778334945440292, 0.07965484261512756, 0.044610220938920975, 0.015652569010853767]",16,eval_neutral,250,0.9498820304870605
concat,C,train_safe_full_sequence,0.0003319891693536192,[0.01822056993842125],1,eval_pivot,250,0.01822056993842125
concat,C,train_safe_full_sequence,0.2067185491323471,"[0.6429091095924377, 0.0102445213124156]",2,eval_pivot,250,0.6429091095924377
concat,C,train_safe_full_sequence,0.16469669342041016,"[0.6692270040512085, 0.44996291399002075, 0.07751260697841644, 0.0494690015912056]",4,eval_pivot,250,0.6692270040512085
concat,C,train_safe_full_sequence,0.1642390787601471,"[0.7016646862030029, 0.5720598101615906, 0.5209161043167114, 0.35105565190315247, 0.26939427852630615, 0.15328632295131683, 0.05432814359664917, 0.026676315814256668]",8,eval_pivot,250,0.7016646862030029
concat,C,train_safe_full_sequence,0.18851685523986816,"[0.7939290404319763, 0.713083803653717, 0.6875637173652649, 0.6242837905883789, 0.49145618081092834, 0.47044265270233154, 0.4006167948246002, 0.349976509809494, 0.3119039237499237, 0.27482059597969055, 0.21762356162071228, 0.14414381980895996, 0.13695749640464783, 0.09296056628227234, 0.027552682906389236, 0.007383928634226322]",16,eval_pivot,250,0.7939290404319763
A_block,A,train_harm_full_sequence,0.5602359175682068,[0.7484890818595886],1,eval_pivot,250,0.7484890818595886
A_block,A,train_harm_full_sequence,0.6283568143844604,"[0.9776960015296936, 0.5484743714332581]",2,eval_pivot,250,0.9776960015296936
A_block,A,train_harm_full_sequence,0.6478281617164612,"[0.990973711013794, 0.9100533723831177, 0.8837683200836182, 0.006354892160743475]",4,eval_pivot,250,0.990973711013794
A_block,A,train_harm_full_sequence,0.6069663763046265,"[0.9939033389091492, 0.9592827558517456, 0.942823588848114, 0.9073336720466614, 0.8729177117347717, 0.6669526100158691, 0.12561656534671783, 0.11359009146690369]",8,eval_pivot,250,0.9939033389091492
A_block,A,train_harm_full_sequence,0.4018356502056122,"[0.9950214624404907, 0.9716092944145203, 0.9685429930686951, 0.9292581081390381, 0.893186092376709, 0.7620617747306824, 0.6830622553825378, 0.6285597085952759, 0.4139223098754883, 0.37046369910240173, 0.2817830443382263, 0.20743721723556519, 0.11471796035766602, 0.08389568328857422, 0.04326016455888748, 0.020597796887159348]",16,eval_pivot,250,0.9950214624404907
A_block,B,train_harm_full_sequence,0.6572715044021606,[0.810722827911377],1,eval_neutral,250,0.810722827911377
A_block,B,train_harm_full_sequence,0.6820175647735596,"[0.9712820649147034, 0.6485725045204163]",2,eval_neutral,250,0.9712820649147034
A_block,B,train_harm_full_sequence,0.6259677410125732,"[0.9877215623855591, 0.8950032591819763, 0.8358686566352844, 0.16902616620063782]",4,eval_neutral,250,0.9877215623855591
A_block,B,train_harm_full_sequence,0.5917704105377197,"[0.993724524974823, 0.9554040431976318, 0.9442250728607178, 0.8986336588859558, 0.8679656982421875, 0.6163623332977295, 0.03882139176130295, 0.0008389627910219133]",8,eval_neutral,250,0.993724524974823
A_block,B,train_harm_full_sequence,0.38611462712287903,"[0.9946434497833252, 0.9690280556678772, 0.9650693535804749, 0.9285552501678467, 0.8922847509384155, 0.7635661959648132, 0.6871154308319092, 0.5150026679039001, 0.35027259588241577, 0.3074316680431366, 0.26961246132850647, 0.1809121072292328, 0.09768558293581009, 0.072189100086689, 0.03887360543012619, 0.021883472800254822]",16,eval_neutral,250,0.9946434497833252
A_block,C,train_safe_full_sequence,0.7153982520103455,[0.845812201499939],1,eval_pivot,250,0.845812201499939
A_block,C,train_safe_full_sequence,0.6004511117935181,"[0.9725293517112732, 0.5050632357597351]",2,eval_pivot,250,0.9725293517112732
A_block,C,train_safe_full_sequence,0.5932636857032776,"[0.9839493632316589, 0.8364695310592651, 0.8220177888870239, 0.171766459941864]",4,eval_pivot,250,0.9839493632316589
A_block,C,train_safe_full_sequence,0.5630660653114319,"[0.9900375008583069, 0.9410552978515625, 0.9089717268943787, 0.8583534955978394, 0.8564510345458984, 0.5384411811828613, 0.20391513407230377, 0.10373470187187195]",8,eval_pivot,250,0.9900375008583069
A_block,C,train_safe_full_sequence,0.375367671251297,"[0.9916946291923523, 0.9575265645980835, 0.9348705410957336, 0.915928065776825, 0.8879340291023254, 0.7347630262374878, 0.5891855359077454, 0.48419103026390076, 0.43903079628944397, 0.35330453515052795, 0.270988404750824, 0.2107023000717163, 0.19436600804328918, 0.0947226732969284, 0.020672067999839783, 0.014001438394188881]",16,eval_pivot,250,0.9916946291923523
B_block,A,train_harm_full_sequence,0.02585446834564209,[0.1607932448387146],1,eval_pivot,250,0.1607932448387146
B_block,A,train_harm_full_sequence,0.1282813549041748,"[0.5032857656478882, 0.05715029686689377]",2,eval_pivot,250,0.5032857656478882
B_block,A,train_harm_full_sequence,0.3188748359680176,"[0.8760599493980408, 0.6967362761497498, 0.14513134956359863, 0.038907259702682495]",4,eval_pivot,250,0.8760599493980408
B_block,A,train_harm_full_sequence,0.366353303194046,"[0.942598283290863, 0.8532314896583557, 0.8467103242874146, 0.5714316368103027, 0.46656516194343567, 0.20208658277988434, 0.09522663801908493, 0.0573449470102787]",8,eval_pivot,250,0.942598283290863
B_block,A,train_harm_full_sequence,0.3686893582344055,"[0.9525921940803528, 0.911259114742279, 0.8836392164230347, 0.8358352184295654, 0.8080640435218811, 0.7721746563911438, 0.6389751434326172, 0.5817198157310486, 0.4895564317703247, 0.46244147419929504, 0.3299616277217865, 0.28393498063087463, 0.16371601819992065, 0.11833111941814423, 0.04477966949343681, 0.005955568049103022]",16,eval_pivot,250,0.9525921940803528
B_block,B,train_harm_full_sequence,0.0014534336514770985,[0.038123924285173416],1,eval_neutral,250,0.038123924285173416
B_block,B,train_harm_full_sequence,0.11312366276979446,"[0.4731104075908661, 0.049131084233522415]",2,eval_neutral,250,0.4731104075908661
B_block,B,train_harm_full_sequence,0.27299630641937256,"[0.8739349246025085, 0.5667657256126404, 0.06984465569257736, 0.04605767875909805]",4,eval_neutral,250,0.8739349246025085
B_block,B,train_harm_full_sequence,0.32424506545066833,"[0.9358197450637817, 0.8684757351875305, 0.7666087746620178, 0.4308883845806122, 0.3685533404350281, 0.20725010335445404, 0.10850448161363602, 0.006380043458193541]",8,eval_neutral,250,0.9358197450637817
B_block,B,train_harm_full_sequence,0.3407900929450989,"[0.9500522613525391, 0.9086500406265259, 0.8565236330032349, 0.8438732028007507, 0.7920243144035339, 0.7482312321662903, 0.5884917974472046, 0.48592883348464966, 0.4638475477695465, 0.3733769655227661, 0.27993521094322205, 0.23693658411502838, 0.10263904929161072, 0.08664858341217041, 0.0428214967250824, 0.009822433814406395]",16,eval_neutral,250,0.9500522613525391
B_block,C,train_safe_full_sequence,7.77784880483523e-05,[0.008819211274385452],1,eval_pivot,250,0.008819211274385452
B_block,C,train_safe_full_sequence,0.19916987419128418,"[0.6306947469711304, 0.023746266961097717]",2,eval_pivot,250,0.6306947469711304
B_block,C,train_safe_full_sequence,0.16154152154922485,"[0.6585260033607483, 0.45284196734428406, 0.07499603927135468, 0.042653888463974]",4,eval_pivot,250,0.6585260033607483
B_block,C,train_safe_full_sequence,0.16312475502490997,"[0.6904411315917969, 0.5741048455238342, 0.5217797160148621, 0.3517135679721832, 0.2718791365623474, 0.15681076049804688, 0.058850862085819244, 0.02765818126499653]",8,eval_pivot,250,0.6904411315917969
B_block,C,train_safe_full_sequence,0.1883411556482315,"[0.7842405438423157, 0.7132267951965332, 0.6886776089668274, 0.6245221495628357, 0.4925631284713745, 0.47303900122642517, 0.40136855840682983, 0.35646387934684753, 0.3132687211036682, 0.27612757682800293, 0.2166638970375061, 0.14891181886196136, 0.1357298344373703, 0.09106146544218063, 0.024836763739585876, 0.006869335193186998]",16,eval_pivot,250,0.7842405438423157
concat,A,train_harm_full_sequence,0.11465535312891006,[0.3386079668998718],1,eval_pivot,300,0.3386079668998718
concat,A,train_harm_full_sequence,0.09111425280570984,"[0.4248034656047821, 0.04207770898938179]",2,eval_pivot,300,0.4248034656047821
concat,A,train_harm_full_sequence,0.29374977946281433,"[0.8021928071975708, 0.6830011010169983, 0.24624447524547577, 0.06602221727371216]",4,eval_pivot,300,0.8021928071975708
concat,A,train_harm_full_sequence,0.38877174258232117,"[0.9025956392288208, 0.8708541989326477, 0.8104936480522156, 0.7303720116615295, 0.43188971281051636, 0.3003619611263275, 0.2024024873971939, 0.17044684290885925]",8,eval_pivot,300,0.9025956392288208
concat,A,train_harm_full_sequence,0.3943258225917816,"[0.939373791217804, 0.9028831124305725, 0.878243625164032, 0.8595117330551147, 0.7900775074958801, 0.7798856496810913, 0.718207836151123, 0.6850612759590149, 0.6263893246650696, 0.42530491948127747, 0.3872321546077728, 0.32483312487602234, 0.18609334528446198, 0.11740726977586746, 0.07623729854822159, 0.03168755769729614]",16,eval_pivot,300,0.939373791217804
concat,B,train_harm_full_sequence,0.01882336102426052,[0.13719825446605682],1,eval_neutral,300,0.13719825446605682
concat,B,train_harm_full_sequence,0.01683146134018898,"[0.18227307498455048, 0.02096305601298809]",2,eval_neutral,300,0.18227307498455048
concat,B,train_harm_full_sequence,0.16265638172626495,"[0.7136288285255432, 0.3540824055671692, 0.10886924713850021, 0.06428487598896027]",4,eval_neutral,300,0.7136288285255432
concat,B,train_harm_full_sequence,0.3131999969482422,"[0.8965861201286316, 0.8581538796424866, 0.7928619384765625, 0.41221579909324646, 0.31637662649154663, 0.24273084104061127, 0.08790691941976547, 0.003644936718046665]",8,eval_neutral,300,0.8965861201286316
concat,B,train_harm_full_sequence,0.3599400222301483,"[0.9439289569854736, 0.9019073247909546, 0.8661014437675476, 0.8342790603637695, 0.7474848628044128, 0.707886815071106, 0.6451709866523743, 0.6045888066291809, 0.5696070194244385, 0.45195600390434265, 0.3641740679740906, 0.2472018450498581, 0.17251841723918915, 0.10594568401575089, 0.058300744742155075, 0.0020004252437502146]",16,eval_neutral,300,0.9439289569854736
concat,C,train_safe_full_sequence,0.011373437941074371,[0.10664632171392441],1,eval_pivot,300,0.10664632171392441
concat,C,train_safe_full_sequence,0.14691147208213806,"[0.516346275806427, 0.1649528592824936]",2,eval_pivot,300,0.516346275806427
concat,C,train_safe_full_sequence,0.15167006850242615,"[0.6052048206329346, 0.4349557161331177, 0.20255395770072937, 0.10095976293087006]",4,eval_pivot,300,0.6052048206329346
concat,C,train_safe_full_sequence,0.15421147644519806,"[0.6690033674240112, 0.5721544027328491, 0.5219039916992188, 0.27954599261283875, 0.2545791566371918, 0.1835731714963913, 0.09257584065198898, 0.03399738669395447]",8,eval_pivot,300,0.6690033674240112
concat,C,train_safe_full_sequence,0.18031232059001923,"[0.7317969799041748, 0.7189733386039734, 0.6525189280509949, 0.5628238916397095, 0.5196020007133484, 0.44301745295524597, 0.3908400535583496, 0.3648005425930023, 0.34358251094818115, 0.2999546527862549, 0.2598799169063568, 0.1845783293247223, 0.10686353594064713, 0.09400695562362671, 0.07967586815357208, 0.040938232094049454]",16,eval_pivot,300,0.7317969799041748
A_block,A,train_harm_full_sequence,0.7233758568763733,[0.8505150675773621],1,eval_pivot,300,0.8505150675773621
A_block,A,train_harm_full_sequence,0.6547082662582397,"[0.9768744707107544, 0.5959301590919495]",2,eval_pivot,300,0.9768744707107544
A_block,A,train_harm_full_sequence,0.626050591468811,"[0.9907065033912659, 0.928463876247406, 0.8037662506103516, 0.12090403586626053]",4,eval_pivot,300,0.9907065033912659
A_block,A,train_harm_full_sequence,0.6294237375259399,"[0.9962634444236755, 0.9705319404602051, 0.9527435898780823, 0.9416152834892273, 0.8669971823692322, 0.731473445892334, 0.13816294074058533, 0.02702813409268856]",8,eval_pivot,300,0.9962634444236755
A_block,A,train_harm_full_sequence,0.4255855679512024,"[0.9970806837081909, 0.9797759652137756, 0.9751278758049011, 0.953475832939148, 0.8883747458457947, 0.8156514763832092, 0.7757000923156738, 0.6580483317375183, 0.5069255828857422, 0.3501487076282501, 0.22162379324436188, 0.19083259999752045, 0.15578429400920868, 0.12584592401981354, 0.026463814079761505, 0.009713140316307545]",16,eval_pivot,300,0.9970806837081909
A_block,B,train_harm_full_sequence,0.7760611176490784,[0.8809432983398438],1,eval_neutral,300,0.8809432983398438
A_block,B,train_harm_full_sequence,0.680378258228302,"[0.9707902669906616, 0.6467788219451904]",2,eval_neutral,300,0.9707902669906616
A_block,B,train_harm_full_sequence,0.6014729142189026,"[0.9793634414672852, 0.9043530821800232, 0.7801730036735535, 0.14217717945575714]",4,eval_neutral,300,0.9793634414672852
A_block,B,train_harm_full_sequence,0.6114247441291809,"[0.9951208829879761, 0.9671059250831604, 0.9507180452346802, 0.9173972010612488, 0.8538810014724731, 0.6851308941841125, 0.1428394764661789, 0.03789741173386574]",8,eval_neutral,300,0.9951208829879761
A_block,B,train_harm_full_sequence,0.40949222445487976,"[0.9964351058006287, 0.9724128842353821, 0.9673109650611877, 0.9454717636108398, 0.8887854814529419, 0.7952525615692139, 0.7650973200798035, 0.6135021448135376, 0.3676142990589142, 0.3353778123855591, 0.2639342248439789, 0.2032792717218399, 0.1659463495016098, 0.09363504499197006, 0.06885331124067307, 0.004976340569555759]",16,eval_neutral,300,0.9964351058006287
A_block,C,train_safe_full_sequence,0.7121409773826599,[0.8438844680786133],1,eval_pivot,300,0.8438844680786133
A_block,C,train_safe_full_sequence,0.6752858757972717,"[0.9762171506881714, 0.6305329203605652]",2,eval_pivot,300,0.9762171506881714
A_block,C,train_safe_full_sequence,0.5751687288284302,"[0.9923422336578369, 0.9033486843109131, 0.6348540782928467, 0.3112123906612396]",4,eval_pivot,300,0.9923422336578369
A_block,C,train_safe_full_sequence,0.5782973766326904,"[0.9934439659118652, 0.9559893608093262, 0.9334607124328613, 0.8862112164497375, 0.849667489528656, 0.5634936094284058, 0.16620224714279175, 0.041598521173000336]",8,eval_pivot,300,0.9934439659118652
A_block,C,train_safe_full_sequence,0.39241957664489746,"[0.9944870471954346, 0.9681949615478516, 0.9650701284408569, 0.9290294647216797, 0.8906578421592712, 0.7657828330993652, 0.6860980987548828, 0.5646010637283325, 0.3719203770160675, 0.3275631070137024, 0.2522791922092438, 0.19813081622123718, 0.15076059103012085, 0.12100952863693237, 0.052413761615753174, 0.0030277641490101814]",16,eval_pivot,300,0.9944870471954346
B_block,A,train_harm_full_sequence,0.1096608117222786,[0.33115074038505554],1,eval_pivot,300,0.33115074038505554
B_block,A,train_harm_full_sequence,0.09148525446653366,"[0.4261239171028137, 0.0372682586312294]",2,eval_pivot,300,0.4261239171028137
B_block,A,train_harm_full_sequence,0.2932148277759552,"[0.8012120127677917, 0.6831732392311096, 0.2436712384223938, 0.0694066509604454]",4,eval_pivot,300,0.8012120127677917
B_block,A,train_harm_full_sequence,0.3877018690109253,"[0.902752697467804, 0.871086061000824, 0.8062567114830017, 0.7300933003425598, 0.4325427711009979, 0.2956975996494293, 0.20397813618183136, 0.16922737658023834]",8,eval_pivot,300,0.902752697467804
B_block,A,train_harm_full_sequence,0.3947082459926605,"[0.9394794702529907, 0.9024530053138733, 0.8783167600631714, 0.8588734269142151, 0.7903667092323303, 0.7817901968955994, 0.7188898324966431, 0.6842962503433228, 0.632021427154541, 0.42664119601249695, 0.3821810781955719, 0.3271331489086151, 0.1851142793893814, 0.11764484643936157, 0.06704282760620117, 0.033027298748493195]",16,eval_pivot,300,0.9394794702529907
B_block,B,train_harm_full_sequence,0.023868083953857422,[0.15449298918247223],1,eval_neutral,300,0.15449298918247223
B_block,B,train_harm_full_sequence,0.01784351095557213,"[0.18820282816886902, 0.016331415623426437]",2,eval_neutral,300,0.18820282816886902
B_block,B,train_harm_full_sequence,0.16232985258102417,"[0.7122011184692383, 0.35632821917533875, 0.10643765330314636, 0.06156404688954353]",4,eval_neutral,300,0.7122011184692383
B_block,B,train_harm_full_sequence,0.3124043941497803,"[0.8959404230117798, 0.8576484322547913, 0.790939211845398, 0.4132252633571625, 0.31548333168029785, 0.23828007280826569, 0.09120336920022964, 4.679063204093836e-05]",8,eval_neutral,300,0.8959404230117798
B_block,B,train_harm_full_sequence,0.3607874810695648,"[0.943986177444458, 0.9015055298805237, 0.8653366565704346, 0.835830807685852, 0.7510889172554016, 0.709191620349884, 0.6458154916763306, 0.6011099219322205, 0.5760613679885864, 0.452730655670166, 0.3638392984867096, 0.2516358196735382, 0.17092251777648926, 0.10167393088340759, 0.06156931445002556, 0.0021208608523011208]",16,eval_neutral,300,0.943986177444458
B_block,C,train_safe_full_sequence,0.008531641215085983,[0.09236688166856766],1,eval_pivot,300,0.09236688166856766
B_block,C,train_safe_full_sequence,0.14318543672561646,"[0.5126805305480957, 0.1533934324979782]",2,eval_pivot,300,0.5126805305480957
B_block,C,train_safe_full_sequence,0.14953981339931488,"[0.600796639919281, 0.4308922588825226, 0.20200397074222565, 0.10358050465583801]",4,eval_pivot,300,0.600796639919281
B_block,C,train_safe_full_sequence,0.15336014330387115,"[0.6642548441886902, 0.56880122423172, 0.5225356817245483, 0.27948859333992004, 0.2602275013923645, 0.18304474651813507, 0.09238255769014359, 0.03458550199866295]",8,eval_pivot,300,0.6642548441886902
B_block,C,train_safe_full_sequence,0.17997731268405914,"[0.7316924333572388, 0.7119024395942688, 0.654754638671875, 0.5663513541221619, 0.5184277296066284, 0.4466533660888672, 0.3898424804210663, 0.3668769299983978, 0.33830928802490234, 0.29998913407325745, 0.258661150932312, 0.18717968463897705, 0.10472992807626724, 0.09085378050804138, 0.0787862166762352, 0.0366012342274189]",16,eval_pivot,300,0.7316924333572388
concat,A,train_harm_full_sequence,0.001993662677705288,[0.044650450348854065],1,eval_pivot,350,0.044650450348854065
concat,A,train_harm_full_sequence,0.06011601909995079,"[0.3356843888759613, 0.08687936514616013]",2,eval_pivot,350,0.3356843888759613
concat,A,train_harm_full_sequence,0.336558073759079,"[0.8502712845802307, 0.6777558326721191, 0.3310718834400177, 0.23304398357868195]",4,eval_pivot,350,0.8502712845802307
concat,A,train_harm_full_sequence,0.41421350836753845,"[0.9098677039146423, 0.8699628710746765, 0.8446992039680481, 0.7261089086532593, 0.5682674050331116, 0.35251957178115845, 0.1616259664297104, 0.1222371980547905]",8,eval_pivot,350,0.9098677039146423
concat,A,train_harm_full_sequence,0.3849041759967804,"[0.9396172165870667, 0.9185616970062256, 0.8860598802566528, 0.8488494157791138, 0.824009358882904, 0.7578908801078796, 0.6775021553039551, 0.6045478582382202, 0.447360098361969, 0.42672452330589294, 0.4184769093990326, 0.35341009497642517, 0.2930024564266205, 0.25149625539779663, 0.12992461025714874, 0.008842214941978455]",16,eval_pivot,350,0.9396172165870667
concat,B,train_harm_full_sequence,0.041211411356925964,[0.20300593972206116],1,eval_neutral,350,0.20300593972206116
concat,B,train_harm_full_sequence,0.0367259681224823,"[0.2623178958892822, 0.06812675297260284]",2,eval_neutral,350,0.2623178958892822
concat,B,train_harm_full_sequence,0.22302566468715668,"[0.810756266117096, 0.4408077299594879, 0.20097360014915466, 0.008665465749800205]",4,eval_neutral,350,0.810756266117096
concat,B,train_harm_full_sequence,0.3422337770462036,"[0.9105895757675171, 0.8558080196380615, 0.7547212243080139, 0.704461395740509, 0.2671576142311096, 0.15838387608528137, 0.11800514906644821, 0.005967295728623867]",8,eval_neutral,350,0.9105895757675171
concat,B,train_harm_full_sequence,0.34803494811058044,"[0.9422388672828674, 0.8942331671714783, 0.8405789732933044, 0.8260320425033569, 0.7120695114135742, 0.6868613958358765, 0.6209775805473328, 0.608269453048706, 0.4567624032497406, 0.42936578392982483, 0.38373905420303345, 0.3549681603908539, 0.21029886603355408, 0.17463211715221405, 0.11438418924808502, 0.060937006026506424]",16,eval_neutral,350,0.9422388672828674
concat,C,train_safe_full_sequence,0.00011538202670635656,[0.010741602629423141],1,eval_pivot,350,0.010741602629423141
concat,C,train_safe_full_sequence,0.01279547531157732,"[0.13520167768001556, 0.08550706505775452]",2,eval_pivot,350,0.13520167768001556
concat,C,train_safe_full_sequence,0.1064874678850174,"[0.5635792016983032, 0.28758877515792847, 0.13697263598442078, 0.08282230794429779]",4,eval_pivot,350,0.5635792016983032
concat,C,train_safe_full_sequence,0.10115012526512146,"[0.6109078526496887, 0.46308088302612305, 0.3118946850299835, 0.25051507353782654, 0.2000376284122467, 0.12012135982513428, 0.08399664610624313, 0.0035974138882011175]",8,eval_pivot,350,0.6109078526496887
concat,C,train_safe_full_sequence,0.15067172050476074,"[0.6943775415420532, 0.6133625507354736, 0.5808715224266052, 0.5693336129188538, 0.4777882397174835, 0.4257041811943054, 0.3882041275501251, 0.32542794942855835, 0.2972981035709381, 0.25445154309272766, 0.17404933273792267, 0.14980566501617432, 0.11263792961835861, 0.07556550949811935, 0.021110352128744125, 0.00023632975353393704]",16,eval_pivot,350,0.6943775415420532
A_block,A,train_harm_full_sequence,0.8160807490348816,[0.9033718705177307],1,eval_pivot,350,0.9033718705177307
A_block,A,train_harm_full_sequence,0.6343830823898315,"[0.9890320897102356, 0.5390562415122986]",2,eval_pivot,350,0.9890320897102356
A_block,A,train_harm_full_sequence,0.6930948495864868,"[0.9952875375747681, 0.9360304474830627, 0.8735374808311462, 0.3775731921195984]",4,eval_pivot,350,0.9952875375747681
A_block,A,train_harm_full_sequence,0.6556326746940613,"[0.9970227479934692, 0.9845616221427917, 0.9765200614929199, 0.9543450474739075, 0.8769765496253967, 0.6666173934936523, 0.45105940103530884, 0.018920153379440308]",8,eval_pivot,350,0.9970227479934692
A_block,A,train_harm_full_sequence,0.46485432982444763,"[0.9981657266616821, 0.9884145259857178, 0.9839597940444946, 0.9608848094940186, 0.9078823924064636, 0.8559414744377136, 0.7850874066352844, 0.7316834330558777, 0.632989227771759, 0.4667434096336365, 0.3168749511241913, 0.28988116979599, 0.21450628340244293, 0.09846848249435425, 0.07322179526090622, 0.015801332890987396]",16,eval_pivot,350,0.9981657266616821
A_block,B,train_harm_full_sequence,0.8013694882392883,[0.8951924443244934],1,eval_neutral,350,0.8951924443244934
A_block,B,train_harm_full_sequence,0.6375762820243835,"[0.9814529418945312, 0.5584824681282043]",2,eval_neutral,350,0.9814529418945312
A_block,B,train_harm_full_sequence,0.6829358339309692,"[0.9929193258285522, 0.9306131601333618, 0.8914203643798828, 0.2918618321418762]",4,eval_neutral,350,0.9929193258285522
A_block,B,train_harm_full_sequence,0.6319161653518677,"[0.9969504475593567, 0.9781924486160278, 0.9726157784461975, 0.9497526288032532, 0.8707793951034546, 0.6682049036026001, 0.22714121639728546, 0.014120175503194332]",8,eval_neutral,350,0.9969504475593567
A_block,B,train_harm_full_sequence,0.4491971731185913,"[0.997480034828186, 0.986833393573761, 0.9806001782417297, 0.9572267532348633, 0.8999791741371155, 0.838732898235321, 0.7924124002456665, 0.6714986562728882, 0.5383584499359131, 0.42717745900154114, 0.3844303488731384, 0.23719127476215363, 0.22249245643615723, 0.14559035003185272, 0.03373069316148758, 0.005594745744019747]",16,eval_neutral,350,0.997480034828186
A_block,C,train_safe_full_sequence,0.7244889736175537,[0.8511691689491272],1,eval_pivot,350,0.8511691689491272
A_block,C,train_safe_full_sequence,0.662395179271698,"[0.9617602229118347, 0.6323034167289734]",2,eval_pivot,350,0.9617602229118347
A_block,C,train_safe_full_sequence,0.6239539384841919,"[0.9926210045814514, 0.9499198794364929, 0.7592148184776306, 0.17822515964508057]",4,eval_pivot,350,0.9926210045814514
A_block,C,train_safe_full_sequence,0.6187813878059387,"[0.9955502152442932, 0.9722566604614258, 0.9650434255599976, 0.9479982256889343, 0.891348123550415, 0.5742647647857666, 0.24401655793190002, 0.0035939617082476616]",8,eval_pivot,350,0.9955502152442932
A_block,C,train_safe_full_sequence,0.4443865716457367,"[0.9978063702583313, 0.9833911657333374, 0.9811072945594788, 0.9563782811164856, 0.9078738689422607, 0.860967218875885, 0.771787166595459, 0.6245160102844238, 0.5884392261505127, 0.42705896496772766, 0.29660212993621826, 0.21580740809440613, 0.17895610630512238, 0.1416580229997635, 0.05866501107811928, 0.01959211193025112]",16,eval_pivot,350,0.9978063702583313
B_block,A,train_harm_full_sequence,0.0014072644989937544,[0.037513524293899536],1,eval_pivot,350,0.037513524293899536
B_block,A,train_harm_full_sequence,0.060354407876729965,"[0.3381156325340271, 0.07991646230220795]",2,eval_pivot,350,0.3381156325340271
B_block,A,train_harm_full_sequence,0.33809947967529297,"[0.8495117425918579, 0.6790734529495239, 0.3408562242984772, 0.23109309375286102]",4,eval_pivot,350,0.8495117425918579
B_block,A,train_harm_full_sequence,0.4137115478515625,"[0.9100136756896973, 0.8694940209388733, 0.8452519774436951, 0.7251580953598022, 0.5687541961669922, 0.34849128127098083, 0.15994474291801453, 0.12137830257415771]",8,eval_pivot,350,0.9100136756896973
B_block,A,train_harm_full_sequence,0.3849584758281708,"[0.9396801590919495, 0.9183855056762695, 0.8856821060180664, 0.84959477186203, 0.82431560754776, 0.7584050297737122, 0.6747626066207886, 0.6072684526443481, 0.44698938727378845, 0.4314457178115845, 0.4162147641181946, 0.35413846373558044, 0.2905266582965851, 0.24876298010349274, 0.13016030192375183, 0.009092004969716072]",16,eval_pivot,350,0.9396801590919495
B_block,B,train_harm_full_sequence,0.04452141374349594,[0.2110009789466858],1,eval_neutral,350,0.2110009789466858
B_block,B,train_harm_full_sequence,0.03781704232096672,"[0.2664101719856262, 0.06826201826334]",2,eval_neutral,350,0.2664101719856262
B_block,B,train_harm_full_sequence,0.2247290015220642,"[0.8102245926856995, 0.44858619570732117, 0.20264622569084167, 0.012532402761280537]",4,eval_neutral,350,0.8102245926856995
B_block,B,train_harm_full_sequence,0.3419099450111389,"[0.9106278419494629, 0.8552588224411011, 0.7541853189468384, 0.7050038576126099, 0.26645156741142273, 0.1555914431810379, 0.11628399044275284, 0.0039727091789245605]",8,eval_neutral,350,0.9106278419494629
B_block,B,train_harm_full_sequence,0.34811723232269287,"[0.9422742128372192, 0.8939590454101562, 0.8399227857589722, 0.8260893821716309, 0.71271812915802, 0.6864778399467468, 0.6216336488723755, 0.6089004278182983, 0.4567365348339081, 0.4296884834766388, 0.38117384910583496, 0.3565596044063568, 0.21184448897838593, 0.17643621563911438, 0.11540428549051285, 0.05947032943367958]",16,eval_neutral,350,0.9422742128372192
B_block,C,train_safe_full_sequence,1.9624553715402726e-06,[0.0014008766738697886],1,eval_pivot,350,0.0014008766738697886
B_block,C,train_safe_full_sequence,0.013412976637482643,"[0.14084060490131378, 0.08360548317432404]",2,eval_pivot,350,0.14084060490131378
B_block,C,train_safe_full_sequence,0.10523795336484909,"[0.5646116137504578, 0.2786467373371124, 0.13294972479343414, 0.08274006098508835]",4,eval_pivot,350,0.5646116137504578
B_block,C,train_safe_full_sequence,0.10033746808767319,"[0.6119211912155151, 0.456862211227417, 0.30953219532966614, 0.24974901974201202, 0.19933655858039856, 0.12217429280281067, 0.08157302439212799, 0.00534084253013134]",8,eval_pivot,350,0.6119211912155151
B_block,C,train_safe_full_sequence,0.14992696046829224,"[0.6950740814208984, 0.6109891533851624, 0.5787053108215332, 0.5686687231063843, 0.475445419549942, 0.4252690374851227, 0.3855888545513153, 0.3244597911834717, 0.2974969744682312, 0.2545311152935028, 0.16898970305919647, 0.14804744720458984, 0.11296204477548599, 0.07919535785913467, 0.02140655368566513, 0.0003919384616892785]",16,eval_pivot,350,0.6950740814208984
concat,A,train_harm_full_sequence,0.04100355878472328,[0.202493354678154],1,eval_pivot,400,0.202493354678154
concat,A,train_harm_full_sequence,0.031856220215559006,"[0.2470429390668869, 0.05179022625088692]",2,eval_pivot,400,0.2470429390668869
concat,A,train_harm_full_sequence,0.2598463296890259,"[0.834448516368866, 0.5102822780609131, 0.28705403208732605, 0.01711900718510151]",4,eval_pivot,400,0.834448516368866
concat,A,train_harm_full_sequence,0.387118935585022,"[0.8915131688117981, 0.8578507900238037, 0.8119009733200073, 0.6661774516105652, 0.5106408596038818, 0.34930381178855896, 0.2809102237224579, 0.03992845118045807]",8,eval_pivot,400,0.8915131688117981
concat,A,train_harm_full_sequence,0.41506990790367126,"[0.9436413049697876, 0.9248603582382202, 0.8764195442199707, 0.8430941104888916, 0.8176518082618713, 0.802972137928009, 0.7525895833969116, 0.6731254458427429, 0.6118083596229553, 0.5950627326965332, 0.44212013483047485, 0.26718026399612427, 0.22919830679893494, 0.1791095733642578, 0.05868860334157944, 0.01564662717282772]",16,eval_pivot,400,0.9436413049697876
concat,B,train_harm_full_sequence,0.015826251357793808,[0.1258024275302887],1,eval_neutral,400,0.1258024275302887
concat,B,train_harm_full_sequence,0.02987762913107872,"[0.22700589895248413, 0.0906839594244957]",2,eval_neutral,400,0.22700589895248413
concat,B,train_harm_full_sequence,0.1924191266298294,"[0.7429705262184143, 0.42744502425193787, 0.17206014692783356, 0.07319379597902298]",4,eval_neutral,400,0.7429705262184143
concat,B,train_harm_full_sequence,0.3186173141002655,"[0.884884238243103, 0.8136240839958191, 0.6739221215248108, 0.6156411170959473, 0.4294590651988983, 0.24413591623306274, 0.15362724661827087, 0.05577351152896881]",8,eval_neutral,400,0.884884238243103
concat,B,train_harm_full_sequence,0.3809460401535034,"[0.9261125922203064, 0.891981303691864, 0.8436591029167175, 0.8246139287948608, 0.7919439077377319, 0.7592793703079224, 0.6965976357460022, 0.6751874089241028, 0.5802887678146362, 0.46861860156059265, 0.4570729732513428, 0.24833561480045319, 0.22006630897521973, 0.13204748928546906, 0.09438057243824005, 0.0597304105758667]",16,eval_neutral,400,0.9261125922203064
concat,C,train_safe_full_sequence,0.003742402885109186,[0.061175182461738586],1,eval_pivot,400,0.061175182461738586
concat,C,train_safe_full_sequence,0.011049014516174793,"[0.135541170835495, 0.061046045273542404]",2,eval_pivot,400,0.135541170835495
concat,C,train_safe_full_sequence,0.07495299726724625,"[0.5054702758789062, 0.16798901557922363, 0.1067083403468132, 0.06859176605939865]",4,eval_pivot,400,0.5054702758789062
concat,C,train_safe_full_sequence,0.07873160392045975,"[0.5449091792106628, 0.42073220014572144, 0.2533572316169739, 0.20035870373249054, 0.17581337690353394, 0.11883018165826797, 0.07249581068754196, 0.03593222424387932]",8,eval_pivot,400,0.5449091792106628
concat,C,train_safe_full_sequence,0.1261548548936844,"[0.6175397038459778, 0.5899210572242737, 0.5330423712730408, 0.48878616094589233, 0.43857496976852417, 0.42013880610466003, 0.37381792068481445, 0.3028196096420288, 0.2775927782058716, 0.177318274974823, 0.1530613750219345, 0.14097635447978973, 0.09835361689329147, 0.050520915538072586, 0.04163604974746704, 0.0020823010709136724]",16,eval_pivot,400,0.6175397038459778
A_block,A,train_harm_full_sequence,0.7532484531402588,[0.8678988814353943],1,eval_pivot,400,0.8678988814353943
A_block,A,train_harm_full_sequence,0.5866188406944275,"[0.9897253513336182, 0.4400925040245056]",2,eval_pivot,400,0.9897253513336182
A_block,A,train_harm_full_sequence,0.6324329376220703,"[0.9945729970932007, 0.9368578195571899, 0.7523153424263, 0.31124812364578247]",4,eval_pivot,400,0.9945729970932007
A_block,A,train_harm_full_sequence,0.6691461801528931,"[0.9976803660392761, 0.9894495010375977, 0.9842755198478699, 0.9540363550186157, 0.8808895349502563, 0.7327837944030762, 0.4315406382083893, 0.025369111448526382]",8,eval_pivot,400,0.9976803660392761
A_block,A,train_harm_full_sequence,0.506590723991394,"[0.9986851811408997, 0.992375373840332, 0.9898226261138916, 0.9617974758148193, 0.9181460738182068, 0.9006881713867188, 0.8604825139045715, 0.7742509841918945, 0.7285701036453247, 0.5300771594047546, 0.45456212759017944, 0.32730814814567566, 0.23352999985218048, 0.18473079800605774, 0.09695477038621902, 0.026935376226902008]",16,eval_pivot,400,0.9986851811408997
A_block,B,train_harm_full_sequence,0.7084442973136902,[0.8416913151741028],1,eval_neutral,400,0.8416913151741028
A_block,B,train_harm_full_sequence,0.6077573895454407,"[0.9948026537895203, 0.4752708971500397]",2,eval_neutral,400,0.9948026537895203
A_block,B,train_harm_full_sequence,0.6490830779075623,"[0.9968152642250061, 0.9305399656295776, 0.857597291469574, 0.0362476222217083]",4,eval_neutral,400,0.9968152642250061
A_block,B,train_harm_full_sequence,0.6796547770500183,"[0.9975895881652832, 0.9864428043365479, 0.9844914674758911, 0.9506900906562805, 0.8947264552116394, 0.7805661559104919, 0.4312497675418854, 0.012395139783620834]",8,eval_neutral,400,0.9975895881652832
A_block,B,train_harm_full_sequence,0.4876803159713745,"[0.9979406595230103, 0.9903134703636169, 0.987337589263916, 0.961187481880188, 0.9199003577232361, 0.8931558728218079, 0.7991883754730225, 0.7647822499275208, 0.7245014309883118, 0.46341440081596375, 0.38348573446273804, 0.31840717792510986, 0.21979166567325592, 0.12550638616085052, 0.08102012425661087, 0.03604455292224884]",16,eval_neutral,400,0.9979406595230103
A_block,C,train_safe_full_sequence,0.6204885840415955,[0.787710964679718],1,eval_pivot,400,0.787710964679718
A_block,C,train_safe_full_sequence,0.5288761258125305,"[0.9772360920906067, 0.3205648362636566]",2,eval_pivot,400,0.9772360920906067
A_block,C,train_safe_full_sequence,0.5926743149757385,"[0.996085524559021, 0.9438002109527588, 0.6144561767578125, 0.3319571316242218]",4,eval_pivot,400,0.996085524559021
A_block,C,train_safe_full_sequence,0.6162216663360596,"[0.9981920719146729, 0.9842476844787598, 0.973078191280365, 0.9453259110450745, 0.8894838690757751, 0.5642127990722656, 0.11371538788080215, 0.04088412597775459]",8,eval_pivot,400,0.9981920719146729
A_block,C,train_safe_full_sequence,0.464720755815506,"[0.9987731575965881, 0.9901584982872009, 0.9852160215377808, 0.9582417011260986, 0.9075209498405457, 0.8502512574195862, 0.8357258439064026, 0.7278159260749817, 0.5621909499168396, 0.5259992480278015, 0.30349162220954895, 0.24918816983699799, 0.2040230631828308, 0.06375037133693695, 0.0369921438395977, 0.004892622120678425]",16,eval_pivot,400,0.9987731575965881
B_block,A,train_harm_full_sequence,0.04536280408501625,[0.21298545598983765],1,eval_pivot,400,0.21298545598983765
B_block,A,train_harm_full_sequence,0.03422113135457039,"[0.2555433213710785, 0.056034576147794724]",2,eval_pivot,400,0.2555433213710785
B_block,A,train_harm_full_sequence,0.2607276737689972,"[0.833976686000824, 0.5129029750823975, 0.29006120562553406, 0.013730752281844616]",4,eval_pivot,400,0.833976686000824
B_block,A,train_harm_full_sequence,0.3865778148174286,"[0.8912994861602783, 0.8579781651496887, 0.8119714260101318, 0.6672706604003906, 0.5122714638710022, 0.34755995869636536, 0.2698441445827484, 0.03869970887899399]",8,eval_pivot,400,0.8912994861602783
B_block,A,train_harm_full_sequence,0.4149923324584961,"[0.9436755776405334, 0.9249186515808105, 0.87678462266922, 0.842911422252655, 0.8177850842475891, 0.8020105957984924, 0.7527408003807068, 0.6716668605804443, 0.6104304194450378, 0.5942592024803162, 0.4430990219116211, 0.2681781053543091, 0.22917763888835907, 0.1861472725868225, 0.05848880484700203, 0.016131486743688583]",16,eval_pivot,400,0.9436755776405334
B_block,B,train_harm_full_sequence,0.017968127503991127,[0.13404524326324463],1,eval_neutral,400,0.13404524326324463
B_block,B,train_harm_full_sequence,0.03171432390809059,"[0.23480717837810516, 0.0910726934671402]",2,eval_neutral,400,0.23480717837810516
B_block,B,train_harm_full_sequence,0.19495275616645813,"[0.7426196932792664, 0.440303772687912, 0.17039676010608673, 0.0736515149474144]",4,eval_neutral,400,0.7426196932792664
B_block,B,train_harm_full_sequence,0.3183377683162689,"[0.884887158870697, 0.8139575719833374, 0.6736152172088623, 0.6165131330490112, 0.42681944370269775, 0.24364538490772247, 0.1514131873846054, 0.05329504981637001]",8,eval_neutral,400,0.884887158870697
B_block,B,train_harm_full_sequence,0.3809983730316162,"[0.9261753559112549, 0.8917115330696106, 0.8435463905334473, 0.8246747851371765, 0.7918477654457092, 0.7590546607971191, 0.6966937780380249, 0.6740639209747314, 0.5797002911567688, 0.47082096338272095, 0.4595019221305847, 0.24884958565235138, 0.2182134985923767, 0.13158543407917023, 0.09428881108760834, 0.061790626496076584]",16,eval_neutral,400,0.9261753559112549
B_block,C,train_safe_full_sequence,0.0037898668088018894,[0.06156189367175102],1,eval_pivot,400,0.06156189367175102
B_block,C,train_safe_full_sequence,0.01106262393295765,"[0.13585343956947327, 0.060573019087314606]",2,eval_pivot,400,0.13585343956947327
B_block,C,train_safe_full_sequence,0.07468447089195251,"[0.5076683759689331, 0.1625026911497116, 0.10186637938022614, 0.06501416116952896]",4,eval_pivot,400,0.5076683759689331
B_block,C,train_safe_full_sequence,0.07851815223693848,"[0.5472869277000427, 0.41876131296157837, 0.2533063292503357, 0.20080415904521942, 0.174166738986969, 0.11072173714637756, 0.06943748891353607, 0.036876339465379715]",8,eval_pivot,400,0.5472869277000427
B_block,C,train_safe_full_sequence,0.12584754824638367,"[0.617201030254364, 0.5892928242683411, 0.5313103795051575, 0.48869121074676514, 0.43691709637641907, 0.41998279094696045, 0.37198519706726074, 0.3036828637123108, 0.27928704023361206, 0.17589518427848816, 0.15345734357833862, 0.14059370756149292, 0.0983746200799942, 0.050530511885881424, 0.0433788038790226, 0.0006959513993933797]",16,eval_pivot,400,0.617201030254364
concat,A,train_harm_full_sequence,0.007401286158710718,[0.08603072911500931],1,eval_pivot,500,0.08603072911500931
concat,A,train_harm_full_sequence,0.04247388243675232,"[0.28930628299713135, 0.03535030409693718]",2,eval_pivot,500,0.28930628299713135
concat,A,train_harm_full_sequence,0.24862690269947052,"[0.7653802633285522, 0.5832177400588989, 0.23654812574386597, 0.11226163059473038]",4,eval_pivot,500,0.7653802633285522
concat,A,train_harm_full_sequence,0.38757503032684326,"[0.8989400863647461, 0.8527883887290955, 0.7928248047828674, 0.6915085911750793, 0.5039025545120239, 0.36342084407806396, 0.22787104547023773, 0.14347849786281586]",8,eval_pivot,500,0.8989400863647461
concat,A,train_harm_full_sequence,0.42133715748786926,"[0.9358915686607361, 0.8973881006240845, 0.8851780891418457, 0.8474812507629395, 0.8203879594802856, 0.7874999046325684, 0.7546629309654236, 0.7106797099113464, 0.602803111076355, 0.5779532194137573, 0.4592745900154114, 0.3641039729118347, 0.2795376181602478, 0.2617994248867035, 0.05409742891788483, 0.011989230290055275]",16,eval_pivot,500,0.9358915686607361
concat,B,train_harm_full_sequence,0.005551857873797417,[0.07451079040765762],1,eval_neutral,500,0.07451079040765762
concat,B,train_harm_full_sequence,0.051911935210227966,"[0.3220461308956146, 0.010495473630726337]",2,eval_neutral,500,0.3220461308956146
concat,B,train_harm_full_sequence,0.24028566479682922,"[0.7583197355270386, 0.5507780313491821, 0.2839064598083496, 0.04620106518268585]",4,eval_neutral,500,0.7583197355270386
concat,B,train_harm_full_sequence,0.3257460594177246,"[0.8760331869125366, 0.7591457366943359, 0.6864124536514282, 0.6408478021621704, 0.4502897262573242, 0.3509601652622223, 0.23162077367305756, 0.028315097093582153]",8,eval_neutral,500,0.8760331869125366
concat,B,train_harm_full_sequence,0.3891102373600006,"[0.9045342206954956, 0.9006227254867554, 0.8469605445861816, 0.8333545327186584, 0.7870266437530518, 0.7541273832321167, 0.6814263463020325, 0.6503359079360962, 0.582291841506958, 0.5029940009117126, 0.46732980012893677, 0.40968018770217896, 0.29859659075737, 0.17115160822868347, 0.09424193948507309, 0.06003759428858757]",16,eval_neutral,500,0.9045342206954956
concat,C,train_safe_full_sequence,0.001341682975180447,[0.03662899136543274],1,eval_pivot,500,0.03662899136543274
concat,C,train_safe_full_sequence,0.04155368730425835,"[0.28054648637771606, 0.066340371966362]",2,eval_pivot,500,0.28054648637771606
concat,C,train_safe_full_sequence,0.04416561871767044,"[0.3617931306362152, 0.1877681314945221, 0.0908210352063179, 0.04756961762905121]",4,eval_pivot,500,0.3617931306362152
concat,C,train_safe_full_sequence,0.0717003121972084,"[0.49816441535949707, 0.3648580014705658, 0.2956903576850891, 0.2559446096420288, 0.15662065148353577, 0.11052576452493668, 0.051183026283979416, 0.0026846984401345253]",8,eval_pivot,500,0.49816441535949707
concat,C,train_safe_full_sequence,0.1169741079211235,"[0.6434686779975891, 0.5495309233665466, 0.48330673575401306, 0.44413185119628906, 0.41141632199287415, 0.3780674338340759, 0.3443470895290375, 0.33450067043304443, 0.2690793573856354, 0.1889277994632721, 0.175167515873909, 0.15656594932079315, 0.10801290720701218, 0.07312336564064026, 0.041635606437921524, 0.002391623333096504]",16,eval_pivot,500,0.6434686779975891
A_block,A,train_harm_full_sequence,0.5155409574508667,[0.7180117964744568],1,eval_pivot,500,0.7180117964744568
A_block,A,train_harm_full_sequence,0.5186884999275208,"[0.9889854788780212, 0.24348458647727966]",2,eval_pivot,500,0.9889854788780212
A_block,A,train_harm_full_sequence,0.6686944365501404,"[0.9971364736557007, 0.9249570369720459, 0.9075090885162354, 0.03712650388479233]",4,eval_pivot,500,0.9971364736557007
A_block,A,train_harm_full_sequence,0.69661545753479,"[0.9981527328491211, 0.9918490052223206, 0.9906059503555298, 0.9498902559280396, 0.8965330719947815, 0.806627631187439, 0.5047820210456848, 0.005813830066472292]",8,eval_pivot,500,0.9981527328491211
A_block,A,train_harm_full_sequence,0.5241222381591797,"[0.998989462852478, 0.994865357875824, 0.9933223128318787, 0.9657235741615295, 0.9332845211029053, 0.9144677519798279, 0.8731859922409058, 0.8491939902305603, 0.7528073191642761, 0.6539937257766724, 0.40506863594055176, 0.30182260274887085, 0.16658346354961395, 0.10151707381010056, 0.019778508692979813, 0.0006933249533176422]",16,eval_pivot,500,0.998989462852478
A_block,B,train_harm_full_sequence,0.46597281098365784,[0.6826220154762268],1,eval_neutral,500,0.6826220154762268
A_block,B,train_harm_full_sequence,0.5385879874229431,"[0.9939072132110596, 0.29887184500694275]",2,eval_neutral,500,0.9939072132110596
A_block,B,train_harm_full_sequence,0.6447362899780273,"[0.9972110390663147, 0.8885320425033569, 0.8282938599586487, 0.330083966255188]",4,eval_neutral,500,0.9972110390663147
A_block,B,train_harm_full_sequence,0.7015597224235535,"[0.9981704354286194, 0.9922478199005127, 0.983168363571167, 0.9552443027496338, 0.8944364190101624, 0.8197156190872192, 0.5295396447181702, 0.010202180594205856]",8,eval_neutral,500,0.9981704354286194
A_block,B,train_harm_full_sequence,0.5190724730491638,"[0.9985310435295105, 0.9947224855422974, 0.9921554923057556, 0.9659867286682129, 0.9462667107582092, 0.9167308807373047, 0.8681343793869019, 0.8247433304786682, 0.735058069229126, 0.6594461798667908, 0.41714492440223694, 0.24749086797237396, 0.1033996045589447, 0.08614113926887512, 0.04427375644445419, 0.0305189099162817]",16,eval_neutral,500,0.9985310435295105
A_block,C,train_safe_full_sequence,0.851788341999054,[0.9229238033294678],1,eval_pivot,500,0.9229238033294678
A_block,C,train_safe_full_sequence,0.6689893007278442,"[0.9603878259658813, 0.6446966528892517]",2,eval_pivot,500,0.9603878259658813
A_block,C,train_safe_full_sequence,0.6677463054656982,"[0.9919827580451965, 0.9277186989784241, 0.9090067744255066, 0.00044758268631994724]",4,eval_pivot,500,0.9919827580451965
A_block,C,train_safe_full_sequence,0.6713123917579651,"[0.9976836442947388, 0.98695969581604, 0.9678069353103638, 0.9382052421569824, 0.8892238736152649, 0.7371460199356079, 0.49996575713157654, 0.009428130462765694]",8,eval_pivot,500,0.9976836442947388
A_block,C,train_safe_full_sequence,0.48932570219039917,"[0.9985774159431458, 0.993468701839447, 0.9848465323448181, 0.9593296051025391, 0.9131206274032593, 0.8943272233009338, 0.84943026304245, 0.8222970962524414, 0.6399380564689636, 0.5660293102264404, 0.30492687225341797, 0.2858045995235443, 0.12062355130910873, 0.050732988864183426, 0.035537462681531906, 0.023719191551208496]",16,eval_pivot,500,0.9985774159431458
B_block,A,train_harm_full_sequence,0.007284084334969521,[0.08534684777259827],1,eval_pivot,500,0.08534684777259827
B_block,A,train_harm_full_sequence,0.043013665825128555,"[0.2911190986633301, 0.0357351191341877]",2,eval_pivot,500,0.2911190986633301
B_block,A,train_harm_full_sequence,0.24962754547595978,"[0.7690836787223816, 0.5790010094642639, 0.24354875087738037, 0.1116345152258873]",4,eval_pivot,500,0.7690836787223816
B_block,A,train_harm_full_sequence,0.3877142369747162,"[0.8989079594612122, 0.8526225090026855, 0.7928951978683472, 0.6915807127952576, 0.5020759105682373, 0.36423128843307495, 0.23155929148197174, 0.14622658491134644]",8,eval_pivot,500,0.8989079594612122
B_block,A,train_harm_full_sequence,0.4212145507335663,"[0.9359248280525208, 0.8973615765571594, 0.8853350877761841, 0.8471958041191101, 0.8203889727592468, 0.7878631949424744, 0.7541230320930481, 0.7098538279533386, 0.6018883585929871, 0.5774816870689392, 0.45999962091445923, 0.36548319458961487, 0.2807668447494507, 0.25966280698776245, 0.054531168192625046, 0.011795775964856148]",16,eval_pivot,500,0.9359248280525208
B_block,B,train_harm_full_sequence,0.005365877412259579,[0.07325214892625809],1,eval_neutral,500,0.07325214892625809
B_block,B,train_harm_full_sequence,0.053294721990823746,"[0.32631272077560425, 0.01046186126768589]",2,eval_neutral,500,0.32631272077560425
B_block,B,train_harm_full_sequence,0.240728959441185,"[0.7580922842025757, 0.552823007106781, 0.2835679054260254, 0.04677445441484451]",4,eval_neutral,500,0.7580922842025757
B_block,B,train_harm_full_sequence,0.325968474149704,"[0.8759478330612183, 0.7597460150718689, 0.687057375907898, 0.6404628157615662, 0.4506884813308716, 0.35123834013938904, 0.23177985846996307, 0.028255337849259377]",8,eval_neutral,500,0.8759478330612183
B_block,B,train_harm_full_sequence,0.3892647325992584,"[0.9046525955200195, 0.901384174823761, 0.847077488899231, 0.8333776593208313, 0.7867971062660217, 0.754161536693573, 0.6824158430099487, 0.6504584550857544, 0.5804941058158875, 0.5021198391914368, 0.4675547182559967, 0.41086286306381226, 0.2990734875202179, 0.1737976372241974, 0.09451477229595184, 0.05994654446840286]",16,eval_neutral,500,0.9046525955200195
B_block,C,train_safe_full_sequence,0.001348488382063806,[0.03672176972031593],1,eval_pivot,500,0.03672176972031593
B_block,C,train_safe_full_sequence,0.042592331767082214,"[0.2843226492404938, 0.06591888517141342]",2,eval_pivot,500,0.2843226492404938
B_block,C,train_safe_full_sequence,0.04355049878358841,"[0.3587167263031006, 0.18686576187610626, 0.09038262814283371, 0.04936055839061737]",4,eval_pivot,500,0.3587167263031006
B_block,C,train_safe_full_sequence,0.07141070067882538,"[0.49945569038391113, 0.3608422577381134, 0.29581496119499207, 0.2550986409187317, 0.15718179941177368, 0.10878659784793854, 0.0499073788523674, 0.00305218156427145]",8,eval_pivot,500,0.49945569038391113
B_block,C,train_safe_full_sequence,0.11680322140455246,"[0.6423075795173645, 0.5492898225784302, 0.4845004379749298, 0.44216033816337585, 0.4112955629825592, 0.37758880853652954, 0.3444477617740631, 0.3355182409286499, 0.26898524165153503, 0.18896405398845673, 0.17426760494709015, 0.15600332617759705, 0.10759574174880981, 0.07299521565437317, 0.04124061390757561, 0.00027503352612257004]",16,eval_pivot,500,0.6423075795173645
concat,A,train_harm_full_sequence,0.0001746531343087554,[0.013215639628469944],1,eval_pivot,600,0.013215639628469944
concat,A,train_harm_full_sequence,0.036196548491716385,"[0.25988566875457764, 0.06966012716293335]",2,eval_pivot,600,0.25988566875457764
concat,A,train_harm_full_sequence,0.2693558633327484,"[0.7729142904281616, 0.6315131783485413, 0.2818329632282257, 0.04228824004530907]",4,eval_pivot,600,0.7729142904281616
concat,A,train_harm_full_sequence,0.40930676460266113,"[0.9180623292922974, 0.8465173244476318, 0.8269945979118347, 0.714834988117218, 0.4887838661670685, 0.4518815577030182, 0.2730405330657959, 0.04956863820552826]",8,eval_pivot,600,0.9180623292922974
concat,A,train_harm_full_sequence,0.4335675835609436,"[0.9365535974502563, 0.8973605632781982, 0.8708596229553223, 0.8597773909568787, 0.8463318347930908, 0.747920036315918, 0.7278560400009155, 0.6916067004203796, 0.6253958344459534, 0.5892990827560425, 0.5325618386268616, 0.4945615530014038, 0.3917556405067444, 0.20226192474365234, 0.10314708948135376, 0.04116426780819893]",16,eval_pivot,600,0.9365535974502563
concat,B,train_harm_full_sequence,0.005228884983807802,[0.07231102883815765],1,eval_neutral,600,0.07231102883815765
concat,B,train_harm_full_sequence,0.03651437908411026,"[0.2698644995689392, 0.014209478162229061]",2,eval_neutral,600,0.2698644995689392
concat,B,train_harm_full_sequence,0.27059662342071533,"[0.7783724069595337, 0.6526277661323547, 0.21135835349559784, 0.07698954641819]",4,eval_neutral,600,0.7783724069595337
concat,B,train_harm_full_sequence,0.33643123507499695,"[0.8672938942909241, 0.8230723142623901, 0.7121975421905518, 0.6185715198516846, 0.4998134672641754, 0.30745840072631836, 0.16576218605041504, 0.01121517363935709]",8,eval_neutral,600,0.8672938942909241
concat,B,train_harm_full_sequence,0.390109658241272,"[0.9174853563308716, 0.8829247951507568, 0.8757357597351074, 0.8611360192298889, 0.7808578610420227, 0.7168748378753662, 0.6902081370353699, 0.6144568920135498, 0.5995603203773499, 0.5353615283966064, 0.4236738383769989, 0.36270034313201904, 0.2816663384437561, 0.24462918937206268, 0.18081046640872955, 0.07314272224903107]",16,eval_neutral,600,0.9174853563308716
concat,C,train_safe_full_sequence,0.0008301388588733971,[0.02881213091313839],1,eval_pivot,600,0.02881213091313839
concat,C,train_safe_full_sequence,0.025290967896580696,"[0.21490629017353058, 0.0663115456700325]",2,eval_pivot,600,0.21490629017353058
concat,C,train_safe_full_sequence,0.04356985539197922,"[0.29035434126853943, 0.2429371178150177, 0.1741272509098053, 0.02519976533949375]",4,eval_pivot,600,0.29035434126853943
concat,C,train_safe_full_sequence,0.07031070441007614,"[0.44180312752723694, 0.3875052034854889, 0.30723562836647034, 0.24445007741451263, 0.19303926825523376, 0.13950735330581665, 0.07329396158456802, 0.029789067804813385]",8,eval_pivot,600,0.44180312752723694
concat,C,train_safe_full_sequence,0.11052799969911575,"[0.6553962826728821, 0.5524684190750122, 0.4297477602958679, 0.4283604621887207, 0.3844238519668579, 0.36422014236450195, 0.3215806484222412, 0.29304349422454834, 0.2548554837703705, 0.21794083714485168, 0.1930648386478424, 0.14704570174217224, 0.11956162005662918, 0.09242893755435944, 0.03790917620062828, 0.012597324326634407]",16,eval_pivot,600,0.6553962826728821
A_block,A,train_harm_full_sequence,0.2611736059188843,[0.5110514760017395],1,eval_pivot,600,0.5110514760017395
A_block,A,train_harm_full_sequence,0.5212392210960388,"[0.9922760725021362, 0.2405548095703125]",2,eval_pivot,600,0.9922760725021362
A_block,A,train_harm_full_sequence,0.7153388261795044,"[0.9955828189849854, 0.9666509032249451, 0.816963255405426, 0.5180031061172485]",4,eval_pivot,600,0.9955828189849854
A_block,A,train_harm_full_sequence,0.7070398926734924,"[0.9983473420143127, 0.9929179549217224, 0.9877235293388367, 0.946434497833252, 0.896141529083252, 0.8630051612854004, 0.5045114159584045, 0.00453867856413126]",8,eval_pivot,600,0.9983473420143127
A_block,A,train_harm_full_sequence,0.5370522737503052,"[0.9990201592445374, 0.9954447746276855, 0.9948247671127319, 0.9646874070167542, 0.9521811008453369, 0.9219338297843933, 0.9044209122657776, 0.8338690996170044, 0.7609869837760925, 0.704696536064148, 0.44354334473609924, 0.32522478699684143, 0.1561184823513031, 0.08199163526296616, 0.06607073545455933, 2.9330220058909617e-05]",16,eval_pivot,600,0.9990201592445374
A_block,B,train_harm_full_sequence,0.2686035633087158,[0.5182697772979736],1,eval_neutral,600,0.5182697772979736
A_block,B,train_harm_full_sequence,0.533015251159668,"[0.9949740171432495, 0.2757847011089325]",2,eval_neutral,600,0.9949740171432495
A_block,B,train_harm_full_sequence,0.7254377603530884,"[0.9965894818305969, 0.9418332576751709, 0.8401901721954346, 0.5617748498916626]",4,eval_neutral,600,0.9965894818305969
A_block,B,train_harm_full_sequence,0.690301775932312,"[0.9983980655670166, 0.9925824403762817, 0.9845853447914124, 0.9567368626594543, 0.899955689907074, 0.7527157068252563, 0.5282034873962402, 0.011910881847143173]",8,eval_neutral,600,0.9983980655670166
A_block,B,train_harm_full_sequence,0.5248656272888184,"[0.9987127184867859, 0.9955757856369019, 0.9915025234222412, 0.9672895669937134, 0.9558639526367188, 0.9225117564201355, 0.8932905793190002, 0.8119755387306213, 0.7264409065246582, 0.6997107267379761, 0.4204636216163635, 0.23139862716197968, 0.1076510027050972, 0.08401871472597122, 0.03973501920700073, 0.02600753679871559]",16,eval_neutral,600,0.9987127184867859
A_block,C,train_safe_full_sequence,0.9024460911750793,[0.949971616268158],1,eval_pivot,600,0.949971616268158
A_block,C,train_safe_full_sequence,0.7628208994865417,"[0.9725773334503174, 0.7614033818244934]",2,eval_pivot,600,0.9725773334503174
A_block,C,train_safe_full_sequence,0.7666069865226746,"[0.9972946643829346, 0.9738773703575134, 0.8874578475952148, 0.5794935822486877]",4,eval_pivot,600,0.9972946643829346
A_block,C,train_safe_full_sequence,0.6914728879928589,"[0.998400866985321, 0.9866690635681152, 0.976273775100708, 0.9494760632514954, 0.8933073282241821, 0.8108543753623962, 0.5010187029838562, 0.0185676421970129]",8,eval_pivot,600,0.998400866985321
A_block,C,train_safe_full_sequence,0.5094759464263916,"[0.998855471611023, 0.9934395551681519, 0.9881062507629395, 0.9608797430992126, 0.9355893135070801, 0.9110654592514038, 0.8748071789741516, 0.81194669008255, 0.6933949589729309, 0.5807223320007324, 0.3913310766220093, 0.35704824328422546, 0.1785283088684082, 0.061288997530937195, 0.05139945074915886, 0.022244758903980255]",16,eval_pivot,600,0.998855471611023
B_block,A,train_harm_full_sequence,0.00015783795970492065,[0.012563358061015606],1,eval_pivot,600,0.012563358061015606
B_block,A,train_harm_full_sequence,0.036553993821144104,"[0.26111531257629395, 0.07019098848104477]",2,eval_pivot,600,0.26111531257629395
B_block,A,train_harm_full_sequence,0.2706288993358612,"[0.7746900916099548, 0.6331761479377747, 0.28234612941741943, 0.041707493364810944]",4,eval_pivot,600,0.7746900916099548
B_block,A,train_harm_full_sequence,0.40943241119384766,"[0.9180446863174438, 0.846514880657196, 0.8271470069885254, 0.714948832988739, 0.48937124013900757, 0.4511660933494568, 0.2743486762046814, 0.04939119517803192]",8,eval_pivot,600,0.9180446863174438
B_block,A,train_harm_full_sequence,0.4334659278392792,"[0.9365513324737549, 0.897212564945221, 0.8707069158554077, 0.859352171421051, 0.846685528755188, 0.7475352883338928, 0.7276860475540161, 0.6912691593170166, 0.6253273487091064, 0.5892850756645203, 0.5321164727210999, 0.4945964515209198, 0.3918323218822479, 0.2031860202550888, 0.10212887078523636, 0.048390571027994156]",16,eval_pivot,600,0.9365513324737549
B_block,B,train_harm_full_sequence,0.005177296232432127,[0.0719534307718277],1,eval_neutral,600,0.0719534307718277
B_block,B,train_harm_full_sequence,0.03708687797188759,"[0.27198630571365356, 0.014042754657566547]",2,eval_neutral,600,0.27198630571365356
B_block,B,train_harm_full_sequence,0.2707037031650543,"[0.7784243226051331, 0.6528430581092834, 0.21153336763381958, 0.07694132626056671]",4,eval_neutral,600,0.7784243226051331
B_block,B,train_harm_full_sequence,0.3364655375480652,"[0.8677286505699158, 0.8233146667480469, 0.7123633623123169, 0.6180442571640015, 0.4995720386505127, 0.3073081374168396, 0.16533610224723816, 0.011720872484147549]",8,eval_neutral,600,0.8677286505699158
B_block,B,train_harm_full_sequence,0.39030158519744873,"[0.917651891708374, 0.8835298418998718, 0.8757691979408264, 0.8614311814308167, 0.7804244160652161, 0.7177932262420654, 0.6900209188461304, 0.6137667894363403, 0.5993894338607788, 0.5356429815292358, 0.4238249361515045, 0.3625614643096924, 0.2820425033569336, 0.24484507739543915, 0.18266862630844116, 0.07633885741233826]",16,eval_neutral,600,0.917651891708374
B_block,C,train_safe_full_sequence,0.0008651288226246834,[0.029413072392344475],1,eval_pivot,600,0.029413072392344475
B_block,C,train_safe_full_sequence,0.025991670787334442,"[0.2182648479938507, 0.06590748578310013]",2,eval_pivot,600,0.2182648479938507
B_block,C,train_safe_full_sequence,0.04330210015177727,"[0.28828713297843933, 0.24144339561462402, 0.1764310896396637, 0.026001490652561188]",4,eval_pivot,600,0.28828713297843933
B_block,C,train_safe_full_sequence,0.07008472830057144,"[0.4416061341762543, 0.3853059411048889, 0.3077404797077179, 0.24244867265224457, 0.19378550350666046, 0.1409873515367508, 0.07349663972854614, 0.029726149514317513]",8,eval_pivot,600,0.4416061341762543
B_block,C,train_safe_full_sequence,0.11034490913152695,"[0.6553781032562256, 0.5521499514579773, 0.43053847551345825, 0.42823633551597595, 0.3816739320755005, 0.36380651593208313, 0.3216719925403595, 0.2924439013004303, 0.25452786684036255, 0.21674026548862457, 0.19364392757415771, 0.14738598465919495, 0.11929499357938766, 0.09253448992967606, 0.03775075078010559, 0.012326976284384727]",16,eval_pivot,600,0.6553781032562256
concat,A,train_harm_full_sequence,1.5005565501269302e-06,[0.0012249720748513937],1,eval_pivot,700,0.0012249720748513937
concat,A,train_harm_full_sequence,0.03862999007105827,"[0.24176228046417236, 0.13715313374996185]",2,eval_pivot,700,0.24176228046417236
concat,A,train_harm_full_sequence,0.29802224040031433,"[0.7695410847663879, 0.6942090392112732, 0.3151364326477051, 0.13659515976905823]",4,eval_pivot,700,0.7695410847663879
concat,A,train_harm_full_sequence,0.4343636631965637,"[0.9302997589111328, 0.8366586565971375, 0.8175005316734314, 0.7551659941673279, 0.5773507356643677, 0.4561506509780884, 0.3548799157142639, 0.0593639500439167]",8,eval_pivot,700,0.9302997589111328
concat,A,train_harm_full_sequence,0.43406689167022705,"[0.9473618268966675, 0.8990383148193359, 0.878873884677887, 0.8496083617210388, 0.8375681638717651, 0.7912584543228149, 0.7263982892036438, 0.7144997119903564, 0.63096684217453, 0.58912593126297, 0.5050066709518433, 0.44085198640823364, 0.35395169258117676, 0.17967306077480316, 0.15585891902446747, 0.05339231714606285]",16,eval_pivot,700,0.9473618268966675
concat,B,train_harm_full_sequence,0.007958469912409782,[0.08921025693416595],1,eval_neutral,700,0.08921025693416595
concat,B,train_harm_full_sequence,0.022618955001235008,"[0.21264661848545074, 0.004396209493279457]",2,eval_neutral,700,0.21264661848545074
concat,B,train_harm_full_sequence,0.27431488037109375,"[0.7855538129806519, 0.6553354859352112, 0.21242015063762665, 0.07468485832214355]",4,eval_neutral,700,0.7855538129806519
concat,B,train_harm_full_sequence,0.345441609621048,"[0.8658576011657715, 0.8344348073005676, 0.7326017618179321, 0.6961531043052673, 0.43747591972351074, 0.2743399441242218, 0.16951024532318115, 0.028745096176862717]",8,eval_neutral,700,0.8658576011657715
concat,B,train_harm_full_sequence,0.3988415002822876,"[0.9197481274604797, 0.8896321058273315, 0.8747487664222717, 0.8522643446922302, 0.7709718942642212, 0.7375896573066711, 0.6900577545166016, 0.6756768822669983, 0.5521701574325562, 0.5378614068031311, 0.44655078649520874, 0.4060256779193878, 0.3237120807170868, 0.2671908736228943, 0.2151513695716858, 0.021563677117228508]",16,eval_neutral,700,0.9197481274604797
concat,C,train_safe_full_sequence,0.00013657835370395333,[0.011686674319207668],1,eval_pivot,700,0.011686674319207668
concat,C,train_safe_full_sequence,0.02321169339120388,"[0.21244600415229797, 0.035917703062295914]",2,eval_pivot,700,0.21244600415229797
concat,C,train_safe_full_sequence,0.0410504974424839,"[0.30323484539985657, 0.2260599285364151, 0.14463815093040466, 0.015078083612024784]",4,eval_pivot,700,0.30323484539985657
concat,C,train_safe_full_sequence,0.07122234255075455,"[0.4442991614341736, 0.37901389598846436, 0.31385618448257446, 0.25061729550361633, 0.183444544672966, 0.15439076721668243, 0.0963953360915184, 0.02510499209165573]",8,eval_pivot,700,0.4442991614341736
concat,C,train_safe_full_sequence,0.10843674093484879,"[0.6322900652885437, 0.5558018684387207, 0.4473552405834198, 0.4211997389793396, 0.39175865054130554, 0.35661405324935913, 0.306583434343338, 0.2985285222530365, 0.25087466835975647, 0.2382541000843048, 0.1601448953151703, 0.12856294214725494, 0.11977212876081467, 0.08876585215330124, 0.027942752465605736, 0.010042749345302582]",16,eval_pivot,700,0.6322900652885437
A_block,A,train_harm_full_sequence,0.22896017134189606,[0.47849783301353455],1,eval_pivot,700,0.47849783301353455
A_block,A,train_harm_full_sequence,0.5188071727752686,"[0.9937273859977722, 0.22387544810771942]",2,eval_pivot,700,0.9937273859977722
A_block,A,train_harm_full_sequence,0.7344712018966675,"[0.9952998161315918, 0.9823537468910217, 0.7874505519866943, 0.6018021702766418]",4,eval_pivot,700,0.9952998161315918
A_block,A,train_harm_full_sequence,0.7084581851959229,"[0.9985032677650452, 0.9932056069374084, 0.9863730072975159, 0.9486607313156128, 0.8994877934455872, 0.8625627160072327, 0.5081465840339661, 0.002220508176833391]",8,eval_pivot,700,0.9985032677650452
A_block,A,train_harm_full_sequence,0.5403523445129395,"[0.9990727305412292, 0.9954581260681152, 0.9953137040138245, 0.9647742509841919, 0.9603052139282227, 0.9259030818939209, 0.9102272987365723, 0.8214302062988281, 0.7643752098083496, 0.7184200286865234, 0.3943248689174652, 0.37704142928123474, 0.18197762966156006, 0.11731717735528946, 0.08382545411586761, 0.02043229714035988]",16,eval_pivot,700,0.9990727305412292
A_block,B,train_harm_full_sequence,0.24443326890468597,[0.4944019317626953],1,eval_neutral,700,0.4944019317626953
A_block,B,train_harm_full_sequence,0.523360550403595,"[0.9938075542449951, 0.24303841590881348]",2,eval_neutral,700,0.9938075542449951
A_block,B,train_harm_full_sequence,0.7522593140602112,"[0.9963985085487366, 0.9733630418777466, 0.8296923637390137, 0.6167676448822021]",4,eval_neutral,700,0.9963985085487366
A_block,B,train_harm_full_sequence,0.6732273697853088,"[0.9985387921333313, 0.9927570819854736, 0.9843122363090515, 0.9569252133369446, 0.9003660082817078, 0.6905469298362732, 0.4805152714252472, 0.013667229562997818]",8,eval_neutral,700,0.9985387921333313
A_block,B,train_harm_full_sequence,0.5274143815040588,"[0.9987581968307495, 0.9956411123275757, 0.9927270412445068, 0.9649163484573364, 0.9560365676879883, 0.9244191646575928, 0.8982511758804321, 0.8119064569473267, 0.727780818939209, 0.7167632579803467, 0.4305627644062042, 0.20918074250221252, 0.13251139223575592, 0.07731856405735016, 0.048267025500535965, 0.014631088823080063]",16,eval_neutral,700,0.9987581968307495
A_block,C,train_safe_full_sequence,0.9232478141784668,[0.9608578681945801],1,eval_pivot,700,0.9608578681945801
A_block,C,train_safe_full_sequence,0.794409990310669,"[0.9760952591896057, 0.7975324988365173]",2,eval_pivot,700,0.9760952591896057
A_block,C,train_safe_full_sequence,0.722879946231842,"[0.9969846606254578, 0.9756017327308655, 0.9139494895935059, 0.33232372999191284]",4,eval_pivot,700,0.9969846606254578
A_block,C,train_safe_full_sequence,0.6954877972602844,"[0.9985209107398987, 0.9862417578697205, 0.9825059175491333, 0.951073169708252, 0.8932773470878601, 0.8314206600189209, 0.4841650724411011, 0.02658660337328911]",8,eval_pivot,700,0.9985209107398987
A_block,C,train_safe_full_sequence,0.5011835694313049,"[0.9988217949867249, 0.9932134747505188, 0.9895239472389221, 0.961118221282959, 0.9502646923065186, 0.9085187315940857, 0.874336302280426, 0.797580361366272, 0.6495488286018372, 0.5679991841316223, 0.35210466384887695, 0.337506502866745, 0.0977550521492958, 0.07920357584953308, 0.06819943338632584, 0.0007463403744623065]",16,eval_pivot,700,0.9988217949867249
B_block,A,train_harm_full_sequence,2.1307273527781945e-06,[0.0014597011031582952],1,eval_pivot,700,0.0014597011031582952
B_block,A,train_harm_full_sequence,0.03883286565542221,"[0.24222123622894287, 0.13782089948654175]",2,eval_pivot,700,0.24222123622894287
B_block,A,train_harm_full_sequence,0.2986759543418884,"[0.7711299061775208, 0.6941686868667603, 0.31550702452659607, 0.13655628263950348]",4,eval_pivot,700,0.7711299061775208
B_block,A,train_harm_full_sequence,0.43451988697052,"[0.9303448796272278, 0.8367300629615784, 0.8175210952758789, 0.7550374865531921, 0.5768543481826782, 0.45696917176246643, 0.35631439089775085, 0.059467945247888565]",8,eval_pivot,700,0.9303448796272278
B_block,A,train_harm_full_sequence,0.4341038167476654,"[0.9474126696586609, 0.89906907081604, 0.8784788250923157, 0.849626898765564, 0.8377752304077148, 0.7906973361968994, 0.7263296246528625, 0.7144215703010559, 0.6308466792106628, 0.5892251133918762, 0.5051020979881287, 0.441205769777298, 0.353926420211792, 0.18291227519512177, 0.15759478509426117, 0.051288772374391556]",16,eval_pivot,700,0.9474126696586609
B_block,B,train_harm_full_sequence,0.00793575868010521,[0.08908287435770035],1,eval_neutral,700,0.08908287435770035
B_block,B,train_harm_full_sequence,0.022805355489253998,"[0.21351522207260132, 0.0046860999427735806]",2,eval_neutral,700,0.21351522207260132
B_block,B,train_harm_full_sequence,0.2745169997215271,"[0.7856913208961487, 0.6557090878486633, 0.21269629895687103, 0.07458536326885223]",4,eval_neutral,700,0.7856913208961487
B_block,B,train_harm_full_sequence,0.34542450308799744,"[0.8660745024681091, 0.8344357013702393, 0.7324761152267456, 0.6960969567298889, 0.43720099329948425, 0.2742674946784973, 0.1695408672094345, 0.02905496023595333]",8,eval_neutral,700,0.8660745024681091
B_block,B,train_harm_full_sequence,0.39892712235450745,"[0.9198502898216248, 0.8895649909973145, 0.8753200173377991, 0.8523269295692444, 0.7707111239433289, 0.7374970316886902, 0.6900671720504761, 0.6756408214569092, 0.5523447394371033, 0.5378196835517883, 0.4470868706703186, 0.4062252342700958, 0.32377299666404724, 0.26725876331329346, 0.21497051417827606, 0.02115168422460556]",16,eval_neutral,700,0.9198502898216248
B_block,C,train_safe_full_sequence,0.00014935593935661018,[0.012221126817166805],1,eval_pivot,700,0.012221126817166805
B_block,C,train_safe_full_sequence,0.023153157904744148,"[0.21216300129890442, 0.035960759967565536]",2,eval_pivot,700,0.21216300129890442
B_block,C,train_safe_full_sequence,0.04092466086149216,"[0.3016522526741028, 0.22513507306575775, 0.14757464826107025, 0.015507928095757961]",4,eval_pivot,700,0.3016522526741028
B_block,C,train_safe_full_sequence,0.07109534740447998,"[0.4427884817123413, 0.3782387673854828, 0.31459909677505493, 0.2513466477394104, 0.18362689018249512, 0.15401849150657654, 0.09702811390161514, 0.02517709508538246]",8,eval_pivot,700,0.4427884817123413
B_block,C,train_safe_full_sequence,0.10825596749782562,"[0.6324099898338318, 0.5554036498069763, 0.44655269384384155, 0.4214559495449066, 0.3923545479774475, 0.3545835614204407, 0.30527257919311523, 0.29810819029808044, 0.2503318190574646, 0.23828254640102386, 0.1600794494152069, 0.1292460560798645, 0.11989428102970123, 0.0888841301202774, 0.027946459129452705, 0.009132372215390205]",16,eval_pivot,700,0.6324099898338318
concat,A,train_harm_full_sequence,0.0004934231983497739,[0.022213131189346313],1,eval_pivot,750,0.022213131189346313
concat,A,train_harm_full_sequence,0.05793965235352516,"[0.3148156404495239, 0.1295006275177002]",2,eval_pivot,750,0.3148156404495239
concat,A,train_harm_full_sequence,0.29992541670799255,"[0.7891863584518433, 0.6568122506141663, 0.34334298968315125, 0.1661319136619568]",4,eval_pivot,750,0.7891863584518433
concat,A,train_harm_full_sequence,0.42791932821273804,"[0.9308876991271973, 0.8410424590110779, 0.8120397925376892, 0.7554120421409607, 0.5100961327552795, 0.4782888889312744, 0.36069872975349426, 0.018232960253953934]",8,eval_pivot,750,0.9308876991271973
concat,A,train_harm_full_sequence,0.4350363612174988,"[0.948498010635376, 0.8992282152175903, 0.8777269124984741, 0.8559595346450806, 0.8431582450866699, 0.7785946726799011, 0.7150306105613708, 0.6696892976760864, 0.6336798071861267, 0.5781148076057434, 0.5410748720169067, 0.4417349100112915, 0.4195142984390259, 0.20231813192367554, 0.17575885355472565, 0.029966650530695915]",16,eval_pivot,750,0.948498010635376
concat,B,train_harm_full_sequence,0.011906697414815426,[0.10911781340837479],1,eval_neutral,750,0.10911781340837479
concat,B,train_harm_full_sequence,0.0838736891746521,"[0.4095694422721863, 0.0004967573913745582]",2,eval_neutral,750,0.4095694422721863
concat,B,train_harm_full_sequence,0.2891949713230133,"[0.7941574454307556, 0.6744225025177002, 0.2556856572628021, 0.076634980738163]",4,eval_neutral,750,0.7941574454307556
concat,B,train_harm_full_sequence,0.3410698175430298,"[0.8523916602134705, 0.842488169670105, 0.7385440468788147, 0.6447635293006897, 0.494723379611969, 0.25191348791122437, 0.14766503870487213, 0.03188834339380264]",8,eval_neutral,750,0.8523916602134705
concat,B,train_harm_full_sequence,0.39868080615997314,"[0.9199522137641907, 0.8856918811798096, 0.8796680569648743, 0.8542654514312744, 0.762259304523468, 0.692925751209259, 0.6855707168579102, 0.6257225275039673, 0.5907686948776245, 0.5589430332183838, 0.4620937705039978, 0.4395377039909363, 0.3482627272605896, 0.2655205726623535, 0.24864830076694489, 0.007822474464774132]",16,eval_neutral,750,0.9199522137641907
concat,C,train_safe_full_sequence,0.0004285055911168456,[0.020700376480817795],1,eval_pivot,750,0.020700376480817795
concat,C,train_safe_full_sequence,0.02096436358988285,"[0.1999255120754242, 0.04425510764122009]",2,eval_pivot,750,0.1999255120754242
concat,C,train_safe_full_sequence,0.04312058538198471,"[0.2924673557281494, 0.2360619753599167, 0.17335018515586853, 0.03420006111264229]",4,eval_pivot,750,0.2924673557281494
concat,C,train_safe_full_sequence,0.07006775587797165,"[0.443010151386261, 0.38192448019981384, 0.31092679500579834, 0.2402421087026596, 0.17663542926311493, 0.16179165244102478, 0.07459976524114609, 0.03292908892035484]",8,eval_pivot,750,0.443010151386261
concat,C,train_safe_full_sequence,0.10863879323005676,"[0.6316355466842651, 0.5544811487197876, 0.45103195309638977, 0.4305514097213745, 0.3818454146385193, 0.3594100773334503, 0.30577951669692993, 0.2901240289211273, 0.24663439393043518, 0.2427322268486023, 0.16214631497859955, 0.13177430629730225, 0.12743043899536133, 0.09641120582818985, 0.03517176955938339, 0.013224410824477673]",16,eval_pivot,750,0.6316355466842651
A_block,A,train_harm_full_sequence,0.19402331113815308,[0.4404807686805725],1,eval_pivot,750,0.4404807686805725
A_block,A,train_harm_full_sequence,0.5197212100028992,"[0.9934448003768921, 0.2291502207517624]",2,eval_pivot,750,0.9934448003768921
A_block,A,train_harm_full_sequence,0.7461698055267334,"[0.995672345161438, 0.9838563203811646, 0.7899006605148315, 0.6335611343383789]",4,eval_pivot,750,0.995672345161438
A_block,A,train_harm_full_sequence,0.7089458107948303,"[0.9984752535820007, 0.992529034614563, 0.9866394996643066, 0.9453158974647522, 0.8965803980827332, 0.8561323881149292, 0.5343127846717834, 0.01054276805371046]",8,eval_pivot,750,0.9984752535820007
A_block,A,train_harm_full_sequence,0.5361602902412415,"[0.9990500211715698, 0.9953178763389587, 0.9950121641159058, 0.9644685983657837, 0.9587060213088989, 0.9202048778533936, 0.9082841277122498, 0.8171038031578064, 0.7546910047531128, 0.7072961926460266, 0.41816598176956177, 0.3554212152957916, 0.1578597128391266, 0.09897776693105698, 0.0703505128622055, 0.018581150099635124]",16,eval_pivot,750,0.9990500211715698
A_block,B,train_harm_full_sequence,0.2068978101015091,[0.45486021041870117],1,eval_neutral,750,0.45486021041870117
A_block,B,train_harm_full_sequence,0.5225178599357605,"[0.9936653971672058, 0.2401350736618042]",2,eval_neutral,750,0.9936653971672058
A_block,B,train_harm_full_sequence,0.7589890956878662,"[0.9967601895332336, 0.9758633375167847, 0.8387975096702576, 0.6217193007469177]",4,eval_neutral,750,0.9967601895332336
A_block,B,train_harm_full_sequence,0.6781359910964966,"[0.9984939694404602, 0.9919558763504028, 0.985346257686615, 0.9566327333450317, 0.898758590221405, 0.711971640586853, 0.49319759011268616, 0.012383832596242428]",8,eval_neutral,750,0.9984939694404602
A_block,B,train_harm_full_sequence,0.5249108672142029,"[0.9987326860427856, 0.9955946803092957, 0.9922934174537659, 0.9652525186538696, 0.9564183354377747, 0.9222979545593262, 0.9020705223083496, 0.8006061911582947, 0.7232205271720886, 0.6940776109695435, 0.4333893060684204, 0.22533102333545685, 0.14592596888542175, 0.07165321707725525, 0.05682312697172165, 0.020468981936573982]",16,eval_neutral,750,0.9987326860427856
A_block,C,train_safe_full_sequence,0.9178602695465088,[0.9580502510070801],1,eval_pivot,750,0.9580502510070801
A_block,C,train_safe_full_sequence,0.7970174551010132,"[0.9752750396728516, 0.8017939925193787]",2,eval_pivot,750,0.9752750396728516
A_block,C,train_safe_full_sequence,0.766205370426178,"[0.9970282912254333, 0.9757075309753418, 0.9123384952545166, 0.5351535081863403]",4,eval_pivot,750,0.9970282912254333
A_block,C,train_safe_full_sequence,0.6958416104316711,"[0.9985132813453674, 0.9862160086631775, 0.9823359847068787, 0.9499873518943787, 0.8952499032020569, 0.8311683535575867, 0.4866848289966583, 0.021153876557946205]",8,eval_pivot,750,0.9985132813453674
A_block,C,train_safe_full_sequence,0.499783992767334,"[0.998795747756958, 0.9927935004234314, 0.9899314045906067, 0.9608971476554871, 0.9498562812805176, 0.9087876677513123, 0.8738495111465454, 0.7961536049842834, 0.6356640458106995, 0.5688269138336182, 0.3528333902359009, 0.3398784399032593, 0.0992235317826271, 0.06803625077009201, 0.048024341464042664, 0.0026951972395181656]",16,eval_pivot,750,0.998795747756958
B_block,A,train_harm_full_sequence,0.0004856071900576353,[0.022036496549844742],1,eval_pivot,750,0.022036496549844742
B_block,A,train_harm_full_sequence,0.05855924263596535,"[0.3166285753250122, 0.1298646628856659]",2,eval_pivot,750,0.3166285753250122
B_block,A,train_harm_full_sequence,0.3006885051727295,"[0.7905072569847107, 0.6573931574821472, 0.3439098000526428, 0.16556717455387115]",4,eval_pivot,750,0.7905072569847107
B_block,A,train_harm_full_sequence,0.4280790388584137,"[0.9309212565422058, 0.841148316860199, 0.8120284080505371, 0.7552905082702637, 0.5096993446350098, 0.47868597507476807, 0.36247575283050537, 0.017631864175200462]",8,eval_pivot,750,0.9309212565422058
B_block,A,train_harm_full_sequence,0.4350222647190094,"[0.9485602378845215, 0.8992646932601929, 0.8776804804801941, 0.8558952808380127, 0.8430668711662292, 0.7778217196464539, 0.7148820161819458, 0.6698264479637146, 0.6334787011146545, 0.5781542062759399, 0.5408501029014587, 0.4421224594116211, 0.41939663887023926, 0.2028452455997467, 0.1794220358133316, 0.027563581243157387]",16,eval_pivot,750,0.9485602378845215
B_block,B,train_harm_full_sequence,0.011863414198160172,[0.10891930013895035],1,eval_neutral,750,0.10891930013895035
B_block,B,train_harm_full_sequence,0.08479830622673035,"[0.41182100772857666, 0.0002649627276696265]",2,eval_neutral,750,0.41182100772857666
B_block,B,train_harm_full_sequence,0.28943338990211487,"[0.7942051291465759, 0.6748960614204407, 0.25621965527534485, 0.07641000300645828]",4,eval_neutral,750,0.7942051291465759
B_block,B,train_harm_full_sequence,0.3410128355026245,"[0.8524654507637024, 0.8424818515777588, 0.7387966513633728, 0.6441556811332703, 0.49476325511932373, 0.2515721917152405, 0.14749859273433685, 0.032209768891334534]",8,eval_neutral,750,0.8524654507637024
B_block,B,train_harm_full_sequence,0.3987462520599365,"[0.9200506806373596, 0.8859941959381104, 0.8796476721763611, 0.8541555404663086, 0.7619083523750305, 0.693075954914093, 0.6859603524208069, 0.6253791451454163, 0.5911505222320557, 0.5591964721679688, 0.4621874690055847, 0.4399532675743103, 0.34893083572387695, 0.2649667263031006, 0.2474340796470642, 0.008997390978038311]",16,eval_neutral,750,0.9200506806373596
B_block,C,train_safe_full_sequence,0.00044961911044083536,[0.021204223856329918],1,eval_pivot,750,0.021204223856329918
B_block,C,train_safe_full_sequence,0.021117549389600754,"[0.20069612562656403, 0.044228557497262955]",2,eval_pivot,750,0.20069612562656403
B_block,C,train_safe_full_sequence,0.04287373647093773,"[0.2898558974266052, 0.2352992296218872, 0.17590348422527313, 0.034216031432151794]",4,eval_pivot,750,0.2898558974266052
B_block,C,train_safe_full_sequence,0.06987231969833374,"[0.44146424531936646, 0.38104861974716187, 0.3114042282104492, 0.24072563648223877, 0.17671915888786316, 0.1611911952495575, 0.07514167577028275, 0.03331463038921356]",8,eval_pivot,750,0.44146424531936646
B_block,C,train_safe_full_sequence,0.10848382115364075,"[0.6317505240440369, 0.5541437864303589, 0.4500313401222229, 0.43145617842674255, 0.38244956731796265, 0.35769325494766235, 0.30368730425834656, 0.2900099456310272, 0.24676360189914703, 0.242074653506279, 0.1621628850698471, 0.13232654333114624, 0.12758520245552063, 0.0966038927435875, 0.035031288862228394, 0.01391088031232357]",16,eval_pivot,750,0.6317505240440369
