block,cos_dir,eval_label,rank,rho,step
concat,0.9728318452835083,pivot,4,0.09731042385101318,225
concat,-0.20046502351760864,neutral,4,0.07428721338510513,225
concat,0.8857940435409546,pivot,8,0.1135905534029007,225
concat,-0.13685128092765808,neutral,8,0.10750067979097366,225
A_block,0.864757776260376,pivot,4,0.9331474304199219,225
A_block,-0.9447212815284729,neutral,4,0.8762749433517456,225
A_block,0.8540936708450317,pivot,8,0.956895112991333,225
A_block,-0.8999919295310974,neutral,8,0.9560844898223877,225
B_block,0.9818883538246155,pivot,4,0.08008439093828201,225
B_block,-0.14747144281864166,neutral,4,0.05987119302153587,225
B_block,0.8681058287620544,pivot,8,0.09860463440418243,225
B_block,-0.08810272067785263,neutral,8,0.09624946862459183,225
concat,0.8606947660446167,pivot,4,0.04719369858503342,250
concat,-0.0040181358344852924,neutral,4,0.023086296394467354,250
concat,0.7208870053291321,pivot,8,0.059776730835437775,250
concat,0.006909193936735392,neutral,8,0.026535365730524063,250
A_block,0.7740864753723145,pivot,4,0.8953632712364197,250
A_block,-0.8857219815254211,neutral,4,0.8387867212295532,250
A_block,0.7510502338409424,pivot,8,0.9551576375961304,250
A_block,-0.8268280029296875,neutral,8,0.9497126340866089,250
B_block,0.8392785787582397,pivot,4,0.041127149015665054,250
B_block,0.14881253242492676,neutral,4,0.01922830566763878,250
B_block,0.6777186989784241,pivot,8,0.054765485227108,250
B_block,0.13699772953987122,neutral,8,0.02287055179476738,250
concat,0.88459712266922,pivot,4,0.21389774978160858,300
concat,0.24507640302181244,neutral,4,0.11284399032592773,300
concat,0.8122549653053284,pivot,8,0.25053146481513977,300
concat,0.2639394998550415,neutral,8,0.12091222405433655,300
A_block,0.8809893727302551,pivot,4,0.9213834404945374,300
A_block,-0.9157552719116211,neutral,4,0.8904575109481812,300
A_block,0.8728919625282288,pivot,8,0.9492895007133484,300
A_block,-0.8841926455497742,neutral,8,0.9423945546150208,300
B_block,0.8754646182060242,pivot,4,0.20985227823257446,300
B_block,0.2945011854171753,neutral,4,0.11226476728916168,300
B_block,0.8011954426765442,pivot,8,0.24756260216236115,300
B_block,0.3105023503303528,neutral,8,0.11974339187145233,300
concat,0.8552101254463196,pivot,4,0.1087544709444046,350
concat,0.6967512965202332,neutral,4,0.03518183156847954,350
concat,0.823121190071106,pivot,8,0.12196289747953415,350
concat,0.6356823444366455,neutral,8,0.05057607218623161,350
A_block,0.9591056704521179,pivot,4,0.8894888162612915,350
A_block,-0.9180616140365601,neutral,4,0.8707386255264282,350
A_block,0.9533886909484863,pivot,8,0.9017673134803772,350
A_block,-0.9077348113059998,neutral,8,0.9028652906417847,350
B_block,0.8406698107719421,pivot,4,0.1069834977388382,350
B_block,0.7213707566261292,neutral,4,0.03732214868068695,350
B_block,0.8075286149978638,pivot,8,0.12031342089176178,350
B_block,0.6593228578567505,neutral,8,0.05250513553619385,350
concat,0.7500653862953186,pivot,4,0.0578421987593174,400
concat,0.7869809865951538,neutral,4,0.017977802082896233,400
concat,0.5853422284126282,pivot,8,0.07833939045667648,400
concat,0.5312433838844299,neutral,8,0.034017983824014664,400
A_block,0.943871259689331,pivot,4,0.8665110468864441,400
A_block,-0.8357328772544861,neutral,4,0.8286289572715759,400
A_block,0.9410338997840881,pivot,8,0.872596263885498,400
A_block,-0.8285993933677673,neutral,8,0.8718113899230957,400
B_block,0.7281898856163025,pivot,4,0.054971542209386826,400
B_block,0.8184568881988525,neutral,4,0.018910450860857964,400
B_block,0.5637848377227783,pivot,8,0.07547061145305634,400
B_block,0.5685147047042847,neutral,8,0.03462342917919159,400
concat,0.6446046233177185,pivot,4,0.040072862058877945,500
concat,0.6282322406768799,neutral,4,0.09295166283845901,500
concat,0.06570589542388916,pivot,8,0.1052229106426239,500
concat,0.6471077799797058,neutral,8,0.10266433656215668,500
A_block,0.9938932061195374,pivot,4,0.5084320902824402,500
A_block,-0.7598739862442017,neutral,4,0.5781726241111755,500
A_block,0.8286625146865845,pivot,8,0.6917015314102173,500
A_block,-0.7794684171676636,neutral,8,0.6847134828567505,500
B_block,0.631055474281311,pivot,4,0.04153904691338539,500
B_block,0.6347646117210388,neutral,4,0.09404606372117996,500
B_block,0.05287420004606247,pivot,8,0.107220359146595,500
B_block,0.6524346470832825,neutral,8,0.10369931906461716,500
concat,-0.439517080783844,pivot,4,0.05223581939935684,600
concat,0.4343290328979492,neutral,4,0.02938167005777359,600
concat,-0.4611765146255493,pivot,8,0.06920455396175385,600
concat,0.4635448753833771,neutral,8,0.058235231786966324,600
A_block,0.7095047831535339,pivot,4,0.49629271030426025,600
A_block,-0.7990302443504333,neutral,4,0.4942131042480469,600
A_block,0.6915023326873779,pivot,8,0.553987979888916,600
A_block,-0.8113260269165039,neutral,8,0.5383558869361877,600
B_block,-0.43957915902137756,pivot,4,0.05252905935049057,600
B_block,0.4409676790237427,neutral,4,0.029554152861237526,600
B_block,-0.46743711829185486,pivot,8,0.07005438208580017,600
B_block,0.46658122539520264,neutral,8,0.05853373184800148,600
concat,-0.45953139662742615,pivot,4,0.06503992527723312,700
concat,0.34526196122169495,neutral,4,0.031830083578825,700
concat,-0.5756701827049255,pivot,8,0.11327406764030457,700
concat,0.3990544080734253,neutral,8,0.08679746836423874,700
A_block,0.6366077661514282,pivot,4,0.5128867626190186,700
A_block,-0.7445739507675171,neutral,4,0.4940744638442993,700
A_block,0.640601396560669,pivot,8,0.5357584357261658,700
A_block,-0.7536933422088623,neutral,8,0.5160942673683167,700
B_block,-0.4595847725868225,pivot,4,0.06518542021512985,700
B_block,0.35000699758529663,neutral,4,0.03206131234765053,700
B_block,-0.5784054398536682,pivot,8,0.1145629808306694,700
B_block,0.40133270621299744,neutral,8,0.08714479207992554,700
concat,-0.2858162820339203,pivot,4,0.06271646171808243,750
concat,0.49686846137046814,neutral,4,0.049597565084695816,750
concat,-0.5440579056739807,pivot,8,0.14680278301239014,750
concat,0.5381104350090027,neutral,8,0.10744363069534302,750
A_block,0.5801219344139099,pivot,4,0.5186188817024231,750
A_block,-0.6761485934257507,neutral,4,0.48609453439712524,750
A_block,0.5842967629432678,pivot,8,0.5413113236427307,750
A_block,-0.6937528252601624,neutral,8,0.5213334560394287,750
B_block,-0.28456994891166687,pivot,4,0.06263905018568039,750
B_block,0.49998366832733154,neutral,4,0.050022147595882416,750
B_block,-0.5468006134033203,pivot,8,0.14809532463550568,750
B_block,0.5398759841918945,neutral,8,0.10799525678157806,750
