block,cumvar_r1,cumvar_r16,cumvar_r2,cumvar_r32,cumvar_r4,cumvar_r8,dim,effective_rank,matrix,n_cols,step
concat,0.614283561706543,0.8435972332954407,0.6698198318481445,0.8949657678604126,0.7238364815711975,0.7860762476921082,18944,9.531553268432617,train_harm_full_sequence,256,225
A_block,0.9462762475013733,0.9923097491264343,0.9721271395683289,0.994913637638092,0.9844292402267456,0.9893133640289307,13824,1.402674674987793,train_harm_full_sequence,256,225
B_block,0.6027456521987915,0.8381273150444031,0.6594704985618591,0.8911405801773071,0.7149676084518433,0.7786714434623718,5120,10.079378128051758,train_harm_full_sequence,256,225
concat,0.7547762393951416,0.8882267475128174,0.7840601801872253,0.9229260683059692,0.8139952421188354,0.8524807691574097,18944,5.025727272033691,train_safe_full_sequence,256,225
A_block,0.9721920490264893,0.991991400718689,0.9817736148834229,0.994403600692749,0.9863036870956421,0.989307165145874,13824,1.2474240064620972,train_safe_full_sequence,256,225
B_block,0.7443408966064453,0.8828924298286438,0.7745156288146973,0.9192665815353394,0.8056968450546265,0.8456507921218872,5120,5.327028274536133,train_safe_full_sequence,256,225
concat,0.2531847059726715,0.6506821513175964,0.35233747959136963,0.7472131848335266,0.45177939534187317,0.5495983958244324,18944,46.844093322753906,eval_pivot,382,225
A_block,0.681637167930603,0.8982924818992615,0.7335334420204163,0.9334806799888611,0.7988680005073547,0.8584958910942078,13824,6.150300025939941,eval_pivot,382,225
B_block,0.2495770901441574,0.648414134979248,0.3479384481906891,0.7456476092338562,0.44803133606910706,0.5466360449790955,5120,47.557926177978516,eval_pivot,382,225
concat,0.23451361060142517,0.5850890874862671,0.31476891040802,0.6905028820037842,0.4023856818675995,0.48581939935684204,18944,62.342994689941406,eval_neutral,376,225
A_block,0.6013016700744629,0.8438648581504822,0.6630292534828186,0.886272668838501,0.7370874881744385,0.8012145757675171,13824,9.850597381591797,eval_neutral,376,225
B_block,0.2338820993900299,0.5836579203605652,0.31242915987968445,0.6895085573196411,0.40030187368392944,0.4839611053466797,5120,62.761199951171875,eval_neutral,376,225
concat,0.6219435334205627,0.8491706848144531,0.6684194207191467,0.8989755511283875,0.7273980975151062,0.7896365523338318,18944,9.208674430847168,train_harm_full_sequence,256,250
A_block,0.965305507183075,0.9931029677391052,0.9787691235542297,0.9952772855758667,0.9867191314697266,0.9906848669052124,13824,1.28457510471344,train_harm_full_sequence,256,250
B_block,0.6140705347061157,0.8456386923789978,0.6613650918006897,0.8965272903442383,0.7216307520866394,0.7848141193389893,5120,9.561152458190918,train_harm_full_sequence,256,250
concat,0.7150089740753174,0.872715950012207,0.7506402134895325,0.9124374985694885,0.7865836024284363,0.8318129181861877,18944,6.145297050476074,train_safe_full_sequence,256,250
A_block,0.9700638651847839,0.9919403195381165,0.9801841974258423,0.9942999482154846,0.9855459332466125,0.9892787337303162,13824,1.2639572620391846,train_safe_full_sequence,256,250
B_block,0.70650714635849,0.8684088587760925,0.7429168224334717,0.9094629287719727,0.7797801494598389,0.8264321088790894,5120,6.4316887855529785,train_safe_full_sequence,256,250
concat,0.23734357953071594,0.6430688500404358,0.32528436183929443,0.7426632046699524,0.4301454424858093,0.5358667373657227,18944,49.89462661743164,eval_pivot,382,250
A_block,0.65433669090271,0.888758659362793,0.7145262956619263,0.9255068302154541,0.7876285910606384,0.8471723198890686,13824,6.943970680236816,eval_pivot,382,250
B_block,0.23538459837436676,0.6417315006256104,0.3226603865623474,0.741718590259552,0.4278425872325897,0.5340948700904846,5120,50.31785583496094,eval_pivot,382,250
concat,0.2281406670808792,0.5866274237632751,0.30463576316833496,0.6950452923774719,0.3939673900604248,0.48132023215293884,18944,62.83372497558594,eval_neutral,376,250
A_block,0.6028764843940735,0.8393239974975586,0.6551392674446106,0.8825622797012329,0.7317829728126526,0.7941719889640808,13824,10.066052436828613,eval_neutral,376,250
B_block,0.2273120880126953,0.5856817960739136,0.302886426448822,0.6944277882575989,0.39249083399772644,0.48001793026924133,5120,63.138301849365234,eval_neutral,376,250
concat,0.3018399477005005,0.723301112651825,0.39538300037384033,0.8152812719345093,0.5191017389297485,0.6249685883522034,18944,31.365026473999023,train_harm_full_sequence,256,300
A_block,0.8925431966781616,0.9793189167976379,0.9290040135383606,0.9856405258178711,0.9554921388626099,0.9717550873756409,13824,1.9338369369506836,train_harm_full_sequence,256,300
B_block,0.29693856835365295,0.7210689187049866,0.3911420404911041,0.8138092160224915,0.5157678723335266,0.621954083442688,5120,31.881118774414062,train_harm_full_sequence,256,300
concat,0.37215957045555115,0.7203867435455322,0.43914157152175903,0.8074710965156555,0.5345498919487,0.6316425204277039,18944,28.14189910888672,train_safe_full_sequence,256,300
A_block,0.8875601291656494,0.976124107837677,0.9208236336708069,0.9827048778533936,0.9503948092460632,0.9676281809806824,13824,2.0186102390289307,train_safe_full_sequence,256,300
B_block,0.36529287695884705,0.7170528173446655,0.4328406751155853,0.805098831653595,0.5293609499931335,0.6273409724235535,5120,28.896656036376953,train_safe_full_sequence,256,300
concat,0.18750685453414917,0.6228054165840149,0.2835603654384613,0.7323117256164551,0.3962623178958893,0.5091784596443176,18944,56.94504165649414,eval_pivot,382,300
A_block,0.6259788870811462,0.8857172727584839,0.7076232433319092,0.9238758683204651,0.7852655053138733,0.8444909453392029,13824,7.502525806427002,eval_pivot,382,300
B_block,0.18643610179424286,0.6221576929092407,0.28237465023994446,0.7318375706672668,0.39501363039016724,0.5082638263702393,5120,57.1703987121582,eval_pivot,382,300
concat,0.2287648469209671,0.5833148956298828,0.29051506519317627,0.6945101618766785,0.3812805414199829,0.4760707914829254,18944,63.642208099365234,eval_neutral,376,300
A_block,0.5894235968589783,0.8309489488601685,0.6451206803321838,0.8759974241256714,0.7213161587715149,0.7829481959342957,13824,10.843609809875488,eval_neutral,376,300
B_block,0.22802458703517914,0.5828859806060791,0.28964853286743164,0.6942599415779114,0.3804444670677185,0.4754440188407898,5120,63.80705642700195,eval_neutral,376,300
concat,0.20940308272838593,0.6504527926445007,0.28077515959739685,0.7718521356582642,0.39823979139328003,0.5189645290374756,18944,47.922725677490234,train_harm_full_sequence,256,350
A_block,0.7510761022567749,0.9608405828475952,0.8247134685516357,0.97251957654953,0.906531035900116,0.9443210363388062,13824,3.522442579269409,train_harm_full_sequence,256,350
B_block,0.2079615294933319,0.649665892124176,0.27955204248428345,0.7712833881378174,0.39701715111732483,0.5178943276405334,5120,48.14738845825195,train_harm_full_sequence,256,350
concat,0.22525425255298615,0.6445136070251465,0.3231513798236847,0.764574408531189,0.42478325963020325,0.5292012095451355,18944,45.9622688293457,train_safe_full_sequence,256,350
A_block,0.858495831489563,0.9777472019195557,0.908440887928009,0.9843387007713318,0.9492995142936707,0.9690685868263245,13824,2.2163851261138916,train_safe_full_sequence,256,350
B_block,0.22006070613861084,0.6419509053230286,0.3186846971511841,0.7628774046897888,0.421003133058548,0.5258323550224304,5120,46.69837951660156,train_safe_full_sequence,256,350
concat,0.13026337325572968,0.599793553352356,0.23617374897003174,0.7187514305114746,0.3536145091056824,0.48024454712867737,18944,65.4236831665039,eval_pivot,382,350
A_block,0.5738025307655334,0.8827030062675476,0.6766563057899475,0.9209049344062805,0.771468997001648,0.8383412957191467,13824,8.685182571411133,eval_pivot,382,350
B_block,0.12992918491363525,0.5994316935539246,0.23603571951389313,0.7185267210006714,0.3529747426509857,0.47977614402770996,5120,65.51896667480469,eval_pivot,382,350
concat,0.23045583069324493,0.5795537829399109,0.2972911298274994,0.6943715214729309,0.37307992577552795,0.47299739718437195,18944,63.37305450439453,eval_neutral,376,350
A_block,0.5268362760543823,0.8245140910148621,0.6078718900680542,0.8706175088882446,0.6995639801025391,0.7751947641372681,13824,13.114910125732422,eval_neutral,376,350
B_block,0.23016934096813202,0.5794827342033386,0.297109991312027,0.6943288445472717,0.3728480339050293,0.4727915823459625,5120,63.41183853149414,eval_neutral,376,350
concat,0.10174450278282166,0.5992115139961243,0.19090363383293152,0.7372385263442993,0.32319965958595276,0.45635467767715454,18944,62.64023208618164,train_harm_full_sequence,256,400
A_block,0.687258243560791,0.9572762846946716,0.7766493558883667,0.9700046181678772,0.8843744993209839,0.9389746189117432,13824,4.343424320220947,train_harm_full_sequence,256,400
B_block,0.10106781870126724,0.5986690521240234,0.19029366970062256,0.7368400692939758,0.32236161828041077,0.45563238859176636,5120,62.77894973754883,train_harm_full_sequence,256,400
concat,0.1528901308774948,0.6209311485290527,0.2691248953342438,0.7533149719238281,0.3798121213912964,0.49225130677223206,18944,53.45586395263672,train_safe_full_sequence,256,400
A_block,0.7262932062149048,0.9703789353370667,0.836222231388092,0.9793896675109863,0.9271828532218933,0.9581371545791626,13824,3.3993818759918213,train_safe_full_sequence,256,400
B_block,0.15321098268032074,0.6195648312568665,0.26674285531044006,0.752426266670227,0.3778702914714813,0.490461528301239,5120,53.784629821777344,train_safe_full_sequence,256,400
concat,0.12022484093904495,0.590973973274231,0.2140006422996521,0.7124291658401489,0.3230045735836029,0.46440914273262024,18944,69.40240478515625,eval_pivot,382,400
A_block,0.5162087082862854,0.8789494037628174,0.6429474353790283,0.9174212217330933,0.7564927339553833,0.8343003988265991,13824,9.999942779541016,eval_pivot,382,400
B_block,0.12022711336612701,0.5907443761825562,0.21414104104042053,0.712273895740509,0.3225739598274231,0.4641074538230896,5120,69.4514389038086,eval_pivot,382,400
concat,0.20271429419517517,0.5571471452713013,0.2688347399234772,0.6787924766540527,0.3391132950782776,0.44466477632522583,18944,70.98687744140625,eval_neutral,376,400
A_block,0.4434671103954315,0.809459388256073,0.5493791103363037,0.858481228351593,0.668287456035614,0.7569279670715332,13824,16.909879684448242,eval_neutral,376,400
B_block,0.20261472463607788,0.5571759343147278,0.26879632472991943,0.6788140535354614,0.3390413522720337,0.4446091651916504,5120,70.98468017578125,eval_neutral,376,400
concat,0.10894516855478287,0.5880235433578491,0.19428424537181854,0.7347241044044495,0.30263522267341614,0.43830835819244385,18944,64.45574951171875,train_harm_full_sequence,256,500
A_block,0.5772651433944702,0.9590770602226257,0.7494297027587891,0.9709178805351257,0.8699952363967896,0.938875675201416,13824,5.363951206207275,train_harm_full_sequence,256,500
B_block,0.1089281216263771,0.5877899527549744,0.19399000704288483,0.7346101403236389,0.3024000823497772,0.4381270110607147,5120,64.49955749511719,train_harm_full_sequence,256,500
concat,0.14497104287147522,0.5822477340698242,0.215155690908432,0.7293364405632019,0.31035590171813965,0.43586450815200806,18944,63.37556457519531,train_safe_full_sequence,256,500
A_block,0.5082428455352783,0.9323206543922424,0.6924668550491333,0.9527164697647095,0.8308144211769104,0.9025638699531555,13824,7.26483154296875,train_safe_full_sequence,256,500
B_block,0.14507746696472168,0.5820181965827942,0.2151023894548416,0.7291762232780457,0.3102225363254547,0.4355955123901367,5120,63.4102668762207,train_safe_full_sequence,256,500
concat,0.11505462974309921,0.5819281935691833,0.19906581938266754,0.705845296382904,0.30364054441452026,0.44806045293807983,18944,72.24603271484375,eval_pivot,382,500
A_block,0.4493178129196167,0.8903303146362305,0.6178798675537109,0.9265840649604797,0.7524991631507874,0.8456496000289917,13824,10.621581077575684,eval_pivot,382,500
B_block,0.1151355654001236,0.5818080902099609,0.199113130569458,0.7057868838310242,0.30360111594200134,0.44787830114364624,5120,72.26605224609375,eval_pivot,382,500
concat,0.17685343325138092,0.5448572635650635,0.23587757349014282,0.6735724210739136,0.31500887870788574,0.41939327120780945,18944,76.80084228515625,eval_neutral,376,500
A_block,0.3727172911167145,0.8210479617118835,0.5282724499702454,0.8670444488525391,0.6719511151313782,0.7697784304618835,13824,17.778104782104492,eval_neutral,376,500
B_block,0.1768331527709961,0.5449112057685852,0.2358982264995575,0.6736401915550232,0.3150026500225067,0.41942933201789856,5120,76.78136444091797,eval_neutral,376,500
concat,0.11524870246648788,0.5879368782043457,0.1988803744316101,0.7358099818229675,0.30140629410743713,0.4416614770889282,18944,64.02725982666016,train_harm_full_sequence,256,600
A_block,0.5185933709144592,0.9581115245819092,0.7321884036064148,0.9702057242393494,0.8591031432151794,0.9359294772148132,13824,5.940279960632324,train_harm_full_sequence,256,600
B_block,0.11530780792236328,0.5878498554229736,0.19871807098388672,0.7357537746429443,0.3013095557689667,0.44164353609085083,5120,64.04264831542969,train_harm_full_sequence,256,600
concat,0.11642555892467499,0.5606347322463989,0.17952316999435425,0.7140939235687256,0.2766421139240265,0.40323764085769653,18944,70.02449798583984,train_safe_full_sequence,256,600
A_block,0.47076237201690674,0.9257585406303406,0.6704075932502747,0.9480356574058533,0.8069495558738708,0.8936825394630432,13824,8.105175971984863,train_safe_full_sequence,256,600
B_block,0.11649981886148453,0.5604604482650757,0.17948566377162933,0.7139884829521179,0.27653950452804565,0.403102308511734,5120,70.04830932617188,train_safe_full_sequence,256,600
concat,0.11381956189870834,0.576198399066925,0.19113439321517944,0.704311728477478,0.29948291182518005,0.44276273250579834,18944,73.28964233398438,eval_pivot,382,600
A_block,0.44288307428359985,0.8910890221595764,0.6163802146911621,0.9273366332054138,0.7559827566146851,0.8477883338928223,13824,10.552694320678711,eval_pivot,382,600
B_block,0.11383099853992462,0.5761377215385437,0.19111253321170807,0.704300045967102,0.29949867725372314,0.4426579177379608,5120,73.2994613647461,eval_pivot,382,600
concat,0.16520000994205475,0.5409066677093506,0.2277059257030487,0.6720287799835205,0.31023597717285156,0.41166502237319946,18944,78.52339935302734,eval_neutral,376,600
A_block,0.3674864172935486,0.828963577747345,0.5357571840286255,0.8728137016296387,0.6870514154434204,0.7811561226844788,13824,16.908903121948242,eval_neutral,376,600
B_block,0.16520121693611145,0.5409600734710693,0.2277245968580246,0.6720803380012512,0.310227632522583,0.4117065966129303,5120,78.50494384765625,eval_neutral,376,600
concat,0.1437564194202423,0.5930386781692505,0.21481944620609283,0.7381279468536377,0.31424057483673096,0.44862398505210876,18944,61.54282760620117,train_harm_full_sequence,256,700
A_block,0.46444445848464966,0.9544612765312195,0.7034035325050354,0.9677048921585083,0.8412713408470154,0.9290430545806885,13824,6.671419143676758,train_harm_full_sequence,256,700
B_block,0.14382091164588928,0.5930201411247253,0.21473613381385803,0.7381013035774231,0.31421059370040894,0.44863277673721313,5120,61.54332733154297,train_harm_full_sequence,256,700
concat,0.11202316731214523,0.5509654879570007,0.1709648221731186,0.708340048789978,0.26548197865486145,0.39388054609298706,18944,72.13020324707031,train_safe_full_sequence,256,700
A_block,0.4920852780342102,0.9277265071868896,0.6684442162513733,0.9495417475700378,0.8039777874946594,0.8957767486572266,13824,7.916889190673828,train_safe_full_sequence,256,700
B_block,0.11211053282022476,0.550750732421875,0.17105574905872345,0.7082110047340393,0.2654033303260803,0.3937332034111023,5120,72.15731048583984,train_safe_full_sequence,256,700
concat,0.11143486201763153,0.5716867446899414,0.18639618158340454,0.701377809047699,0.2943544387817383,0.4369196593761444,18944,74.50355529785156,eval_pivot,382,700
A_block,0.44344374537467957,0.8910602927207947,0.6176160573959351,0.9272851347923279,0.7619893550872803,0.8479470610618591,13824,10.48284912109375,eval_pivot,382,700
B_block,0.11142093688249588,0.5716390609741211,0.18636885285377502,0.7013707756996155,0.294362872838974,0.4368344247341156,5120,74.51122283935547,eval_pivot,382,700
concat,0.16156519949436188,0.5387993454933167,0.224516361951828,0.6708715558052063,0.30809304118156433,0.409405916929245,18944,79.26344299316406,eval_neutral,376,700
A_block,0.3736444413661957,0.831291913986206,0.5376682877540588,0.8738391399383545,0.6918978095054626,0.7838564515113831,13824,16.59150505065918,eval_neutral,376,700
B_block,0.16157123446464539,0.538853108882904,0.22452695667743683,0.6709192991256714,0.3080829083919525,0.40944090485572815,5120,79.24613189697266,eval_neutral,376,700
concat,0.1420433074235916,0.590975821018219,0.21690213680267334,0.7372026443481445,0.3140321373939514,0.4462853968143463,18944,61.83707809448242,train_harm_full_sequence,256,750
A_block,0.4647250771522522,0.9546650648117065,0.70698082447052,0.9679330587387085,0.844394326210022,0.9290585517883301,13824,6.625625133514404,train_harm_full_sequence,256,750
B_block,0.1420932412147522,0.5909619331359863,0.21683329343795776,0.7371842861175537,0.3140029311180115,0.4462936520576477,5120,61.83866882324219,train_harm_full_sequence,256,750
concat,0.11451292037963867,0.5538980960845947,0.1721176952123642,0.7108362913131714,0.26834142208099365,0.3981693387031555,18944,71.38748931884766,train_safe_full_sequence,256,750
A_block,0.4945255219936371,0.9287159442901611,0.6697892546653748,0.9502122402191162,0.8059831261634827,0.8973733186721802,13824,7.821110725402832,train_safe_full_sequence,256,750
B_block,0.11460047215223312,0.5536879301071167,0.17220531404018402,0.7107136249542236,0.26823580265045166,0.39801695942878723,5120,71.41432189941406,train_safe_full_sequence,256,750
concat,0.11041183769702911,0.5697742700576782,0.18490783870220184,0.7004604339599609,0.2924286425113678,0.43495145440101624,18944,74.97894287109375,eval_pivot,382,750
A_block,0.4506208598613739,0.8918119072914124,0.6187030076980591,0.9278073310852051,0.7623962759971619,0.8492424488067627,13824,10.376041412353516,eval_pivot,382,750
B_block,0.11040125042200089,0.5697314143180847,0.18488666415214539,0.7004558444023132,0.29244327545166016,0.43486928939819336,5120,74.98548889160156,eval_pivot,382,750
concat,0.16207440197467804,0.538381040096283,0.2242864966392517,0.6702332496643066,0.3074903190135956,0.4085855484008789,18944,79.3760757446289,eval_neutral,376,750
A_block,0.3779938817024231,0.8316094279289246,0.5403263568878174,0.8740895986557007,0.6917211413383484,0.7841833829879761,13824,16.476301193237305,eval_neutral,376,750
B_block,0.16207927465438843,0.5384362936019897,0.22429735958576202,0.6702831387519836,0.307479590177536,0.40861934423446655,5120,79.3586654663086,eval_neutral,376,750
