block,delta_EM,in_primary_family,perm_null_mean,perm_null_p95,perm_null_p99,perm_null_std,perm_p,perm_p_bh,rank,reject_primary,step
concat,0.1944449096918106,True,6.197211769176647e-05,0.06509850174188614,0.08654673397541046,0.03929995000362396,0.0001999600079984003,0.0002570914388550861,4,True,225
concat,0.1423373520374298,False,0.000420844997279346,0.04190785065293312,0.0579463467001915,0.02573387883603573,0.0001999600079984003,,8,False,225
A_block,0.09864085912704468,False,-0.0003394936502445489,0.03799067810177803,0.06212935969233513,0.023202504962682724,0.0001999600079984003,,4,False,225
A_block,0.0769881010055542,False,9.759784006746486e-05,0.02085442841053009,0.028294337913393974,0.012561922892928123,0.0001999600079984003,,8,False,225
B_block,0.19537118077278137,True,0.000981852295808494,0.06473016738891602,0.08523271232843399,0.039381884038448334,0.0001999600079984003,0.0002570914388550861,4,True,225
B_block,0.143293559551239,False,-0.00015859425184316933,0.041503239423036575,0.057314373552799225,0.02532476931810379,0.0001999600079984003,,8,False,225
concat,0.15412084758281708,True,0.0005711282719857991,0.09865191578865051,0.1281602382659912,0.05734407156705856,0.0005998800239952009,0.0006351670842302127,4,True,250
concat,0.20322909951210022,False,0.0003868502681143582,0.045715101063251495,0.06268489360809326,0.02730744704604149,0.0001999600079984003,,8,False,250
A_block,0.05456477403640747,False,0.0003406501782592386,0.053616464138031006,0.0832756832242012,0.033643122762441635,0.04839032193561288,,4,False,250
A_block,0.043899595737457275,False,-4.6733512135688215e-05,0.01680905558168888,0.02385954186320305,0.010194283910095692,0.0001999600079984003,,8,False,250
B_block,0.15733219683170319,True,-0.0012455020332708955,0.09206032752990723,0.12598203122615814,0.05511574074625969,0.0005998800239952009,0.0006351670842302127,4,True,250
B_block,0.2032288759946823,False,0.00035588160972110927,0.04420855641365051,0.06279770284891129,0.026981115341186523,0.0001999600079984003,,8,False,250
concat,0.14208032190799713,True,-0.001782589708454907,0.11227485537528992,0.1255425214767456,0.08062149584293365,0.0007998400319936012,0.0007998400319936012,4,True,300
concat,0.23456020653247833,False,0.000799910631030798,0.04579160362482071,0.06444873660802841,0.027393462136387825,0.0001999600079984003,,8,False,300
A_block,0.05088084936141968,False,-6.163418584037572e-05,0.06710848212242126,0.08863364905118942,0.04032424837350845,0.11497700459908018,,4,False,300
A_block,0.05112510919570923,False,-0.00024679850321263075,0.015079610981047153,0.021242234855890274,0.009237739257514477,0.0001999600079984003,,8,False,300
B_block,0.1436765193939209,True,-0.00010528893471928313,0.11013113707304001,0.12239119410514832,0.07898683100938797,0.0003999200159968006,0.00047990401919616074,4,True,300
B_block,0.23434141278266907,False,0.0005381994997151196,0.04461068660020828,0.062323927879333496,0.026850461959838867,0.0001999600079984003,,8,False,300
concat,0.230071060359478,True,0.00019600267114583403,0.05443493276834488,0.07756580412387848,0.03281546011567116,0.0001999600079984003,0.0002570914388550861,4,True,350
concat,0.31306342035532,False,0.00014190749789122492,0.03816204145550728,0.05356064438819885,0.0231179166585207,0.0001999600079984003,,8,False,350
A_block,0.06914091110229492,False,-0.0004850605910178274,0.04457807168364525,0.06116113066673279,0.027547698467969894,0.005398920215956809,,4,False,350
A_block,0.036850929260253906,False,0.00011901484685949981,0.031194152310490608,0.042645163834095,0.01896638050675392,0.023595280943811237,,8,False,350
B_block,0.23286213725805283,True,-0.0003915532724931836,0.05241124704480171,0.07561911642551422,0.0324193611741066,0.0001999600079984003,0.0002570914388550861,4,True,350
B_block,0.31337399035692215,False,-0.00018430566706229,0.03755695000290871,0.05183776095509529,0.022962231189012527,0.0001999600079984003,,8,False,350
concat,0.1848929077386856,True,-0.00011595312389545143,0.04662727564573288,0.0629250705242157,0.02814555913209915,0.0001999600079984003,0.0002570914388550861,4,True,400
concat,0.3083878681063652,False,0.00016372866230085492,0.03594832867383957,0.048246823251247406,0.021356817334890366,0.0001999600079984003,,8,False,400
A_block,0.03975874185562134,False,-0.00027987014618702233,0.044132065027952194,0.05901990458369255,0.026850027963519096,0.07198560287942411,,4,False,400
A_block,0.05292481184005737,False,-0.0002651899412740022,0.03823677450418472,0.04817788302898407,0.02294287271797657,0.004199160167966407,,8,False,400
B_block,0.1860429123044014,True,0.00033886273740790784,0.04632178694009781,0.06293261051177979,0.027491135522723198,0.0001999600079984003,0.0002570914388550861,4,True,400
B_block,0.3080597296357155,False,-4.6133194700814784e-05,0.034940313547849655,0.049879688769578934,0.021463200449943542,0.0001999600079984003,,8,False,400
concat,0.20446128398180008,True,-0.0003721182292792946,0.047047972679138184,0.06389734894037247,0.02833123505115509,0.0001999600079984003,0.0002570914388550861,4,True,500
concat,0.3158736303448677,False,-6.600121560040861e-05,0.05080417916178703,0.07035492360591888,0.03131488338112831,0.0001999600079984003,,8,False,500
A_block,0.0009486079216003418,False,0.00016417443112004548,0.01680884137749672,0.023466313257813454,0.01028384082019329,0.47370525894821036,,4,False,500
A_block,0.025302231311798096,False,-0.00012298223737161607,0.01717008277773857,0.02960813231766224,0.011214036494493484,0.01739652069586083,,8,False,500
B_block,0.20607754588127136,True,7.706160249654204e-05,0.047577615827322006,0.06305928528308868,0.028485655784606934,0.0001999600079984003,0.0002570914388550861,4,True,500
B_block,0.3163047060370445,False,-4.4474487367551774e-05,0.05196337029337883,0.06976144015789032,0.031298454850912094,0.0001999600079984003,,8,False,500
concat,0.22578736767172813,True,0.000842495181132108,0.04986518993973732,0.06636149436235428,0.02929261140525341,0.0001999600079984003,0.0002570914388550861,4,True,600
concat,0.33899591118097305,False,0.00039950237260200083,0.04820379614830017,0.06609074771404266,0.02877337485551834,0.0001999600079984003,,8,False,600
A_block,-0.051267802715301514,False,-0.00019352663366589695,0.04483817145228386,0.06308029592037201,0.027728743851184845,0.9652069586082783,,4,False,600
A_block,0.0155678391456604,False,-0.00024490695795975626,0.02414512075483799,0.035342875868082047,0.015396924689412117,0.14437112577484504,,8,False,600
B_block,0.2273254133760929,True,-0.0005645124474540353,0.048266779631376266,0.06692606210708618,0.02922232076525688,0.0001999600079984003,0.0002570914388550861,4,True,600
B_block,0.339347168803215,False,-0.000561242108233273,0.04690958559513092,0.06759524345397949,0.028400884941220284,0.0001999600079984003,,8,False,600
concat,0.25697197020053864,True,0.00047330284724012017,0.06623512506484985,0.08730023354291916,0.040091149508953094,0.0001999600079984003,0.0002570914388550861,4,True,700
concat,0.3631409555673599,False,0.00011313582945149392,0.05006742104887962,0.07314895838499069,0.030919251963496208,0.0001999600079984003,,8,False,700
A_block,0.01159048080444336,False,-6.53803363093175e-06,0.04445789009332657,0.061664238572120667,0.026887554675340652,0.33933213357328534,,4,False,700
A_block,0.012969613075256348,False,0.00013517210027202964,0.03070180118083954,0.041337739676237106,0.0188676156103611,0.2669466106778644,,8,False,700
B_block,0.2577505335211754,True,0.00026613721274770796,0.06644193828105927,0.08890921622514725,0.040331363677978516,0.0001999600079984003,0.0002570914388550861,4,True,700
B_block,0.3634240925312042,False,-0.0005107181495986879,0.05192389711737633,0.07245030254125595,0.031152408570051193,0.0001999600079984003,,8,False,700
concat,0.25680484250187874,True,-0.0004845770017709583,0.05902295932173729,0.07885771244764328,0.03651547431945801,0.0001999600079984003,0.0002570914388550861,4,True,750
concat,0.35785166919231415,False,-0.0006899870932102203,0.05418921262025833,0.0762573629617691,0.03282027319073677,0.0001999600079984003,,8,False,750
A_block,-0.02003234624862671,False,0.00018566341896075755,0.04157005250453949,0.05722189322113991,0.02529279515147209,0.7776444711057788,,4,False,750
A_block,0.013104379177093506,False,-0.00046731767361052334,0.027666935697197914,0.03846900165081024,0.017336338758468628,0.22895420915816836,,8,False,750
B_block,0.2578154280781746,True,-0.00015171537233982235,0.05796722322702408,0.0801834687590599,0.036270782351493835,0.0001999600079984003,0.0002570914388550861,4,True,750
B_block,0.358206108212471,False,-0.00011111726780654863,0.05284097045660019,0.07699935138225555,0.03235065937042236,0.0001999600079984003,,8,False,750
