block,boot_ci_high,boot_ci_low,boot_mean,boot_std,delta_EM,low_cluster_count_flag,n_eval_clusters,n_eval_tokens,rank,step
concat,0.21478961408138275,0.1606663167476654,0.18897268176078796,0.014042356051504612,0.1944449096918106,False,66,382,4,225
concat,0.16842274367809296,0.12821567058563232,0.14604993164539337,0.009946819394826889,0.1423373520374298,False,66,382,8,225
A_block,0.13999231159687042,-0.017428316175937653,0.08072589337825775,0.03948675096035004,0.09864085912704468,False,66,382,4,225
A_block,0.08510268479585648,0.06780841946601868,0.07689191401004791,0.004476952366530895,0.0769881010055542,False,66,382,8,225
B_block,0.217856302857399,0.16143271327018738,0.19071808457374573,0.014496097341179848,0.19537118077278137,False,66,382,4,225
B_block,0.17133715748786926,0.12989495694637299,0.14779473841190338,0.010188661515712738,0.143293559551239,False,66,382,8,225
concat,0.18448252975940704,0.1052653044462204,0.14646503329277039,0.02263125777244568,0.15412084758281708,False,66,382,4,250
concat,0.2098778784275055,0.16670659184455872,0.1885961890220642,0.011706678196787834,0.20322909951210022,False,66,382,8,250
A_block,0.06949681788682938,0.011150645092129707,0.04822457209229469,0.015256980434060097,0.05456477403640747,False,66,382,4,250
A_block,0.04993777722120285,0.037831805646419525,0.043567854911088943,0.002964904299005866,0.043899595737457275,False,66,382,8,250
B_block,0.18911948800086975,0.10956575721502304,0.15109501779079437,0.022539334371685982,0.15733219683170319,False,66,382,4,250
B_block,0.21198830008506775,0.16525977849960327,0.1894853115081787,0.011768968775868416,0.2032288759946823,False,66,382,8,250
concat,0.1806284487247467,0.07487817853689194,0.12180127203464508,0.031422797590494156,0.14208032190799713,False,66,382,4,300
concat,0.24228334426879883,0.19969774782657623,0.22728894650936127,0.009807382710278034,0.23456020653247833,False,66,382,8,300
A_block,0.0824158787727356,0.004101339261978865,0.04647223651409149,0.02064249850809574,0.05088084936141968,False,66,382,4,300
A_block,0.06500010192394257,0.041141100227832794,0.050971683114767075,0.005754945334047079,0.05112510919570923,False,66,382,8,300
B_block,0.18137095868587494,0.07327321916818619,0.12263837456703186,0.03145725652575493,0.1436765193939209,False,66,382,4,300
B_block,0.24159933626651764,0.20223478972911835,0.22712638974189758,0.009472163394093513,0.23434141278266907,False,66,382,8,300
concat,0.27039867639541626,0.135280579328537,0.20713889598846436,0.0383760891854763,0.230071060359478,False,66,382,4,350
concat,0.31734275817871094,0.28346002101898193,0.3026641011238098,0.010077656246721745,0.31306342035532,False,66,382,8,350
A_block,0.07835696637630463,0.0319468155503273,0.06141422316431999,0.013070760294795036,0.06914091110229492,False,66,382,4,350
A_block,0.07118447124958038,0.0069783939979970455,0.02645988017320633,0.016263339668512344,0.036850929260253906,False,66,382,8,350
B_block,0.27185606956481934,0.13347643613815308,0.21023491024971008,0.03866713494062424,0.23286213725805283,False,66,382,4,350
B_block,0.31782716512680054,0.28049078583717346,0.3031817674636841,0.010408325120806694,0.31337399035692215,False,66,382,8,350
concat,0.28388169407844543,0.1426006406545639,0.18681783974170685,0.034096769988536835,0.1848929077386856,False,66,382,4,400
concat,0.3153652250766754,0.2794203758239746,0.2997092306613922,0.010588884353637695,0.3083878681063652,False,66,382,8,400
A_block,0.04795142635703087,0.0105057368054986,0.03540242463350296,0.00891869142651558,0.03975874185562134,False,66,382,4,400
A_block,0.06215079501271248,-0.000527003372553736,0.034740425646305084,0.016455065459012985,0.05292481184005737,False,66,382,8,400
B_block,0.28653278946876526,0.1424887627363205,0.1879269778728485,0.034576017409563065,0.1860429123044014,False,66,382,4,400
B_block,0.3149307072162628,0.28238391876220703,0.2997755706310272,0.00925906840711832,0.3080597296357155,False,66,382,8,400
concat,0.32685694098472595,0.1614084392786026,0.2065238058567047,0.036798205226659775,0.20446128398180008,False,66,382,4,500
concat,0.3270981013774872,0.2840094268321991,0.3064359426498413,0.011932440102100372,0.3158736303448677,False,66,382,8,500
A_block,0.06949198991060257,-0.04822174459695816,0.003939892631024122,0.030102722346782684,0.0009486079216003418,False,66,382,4,500
A_block,0.055877141654491425,0.009041467681527138,0.02742712013423443,0.011881704442203045,0.025302231311798096,False,66,382,8,500
B_block,0.32150065898895264,0.1618635356426239,0.20610351860523224,0.03506616875529289,0.20607754588127136,False,66,382,4,500
B_block,0.328508585691452,0.2851051986217499,0.30700892210006714,0.011410355567932129,0.3163047060370445,False,66,382,8,500
concat,0.3240511119365692,0.15446020662784576,0.22184216976165771,0.04047369211912155,0.22578736767172813,False,66,382,4,600
concat,0.3487128019332886,0.31017443537712097,0.33068788051605225,0.011003831401467323,0.33899591118097305,False,66,382,8,600
A_block,-0.008867508731782436,-0.10414764285087585,-0.052709292620420456,0.02608020231127739,-0.051267802715301514,False,66,382,4,600
A_block,0.037099096924066544,-0.0027920985594391823,0.016574189066886902,0.009913344867527485,0.0155678391456604,False,66,382,8,600
B_block,0.3206057846546173,0.15524891018867493,0.22227886319160461,0.03964060917496681,0.2273254133760929,False,66,382,4,600
B_block,0.3478308916091919,0.3098371624946594,0.33033299446105957,0.011596155352890491,0.339347168803215,False,66,382,8,600
concat,0.3466678559780121,0.17382675409317017,0.24317669868469238,0.03981315717101097,0.25697197020053864,False,66,382,4,700
concat,0.3683541715145111,0.3312471807003021,0.35022681951522827,0.010754890739917755,0.3631409555673599,False,66,382,8,700
A_block,0.04117927327752113,-0.12018351256847382,-0.007098507601767778,0.0418715626001358,0.01159048080444336,False,66,382,4,700
A_block,0.03477181866765022,-0.01000121422111988,0.01279302779585123,0.011513453908264637,0.012969613075256348,False,66,382,8,700
B_block,0.35064011812210083,0.1783159375190735,0.24521441757678986,0.039543844759464264,0.2577505335211754,False,66,382,4,700
B_block,0.3695044219493866,0.33048155903816223,0.35072213411331177,0.011012550443410873,0.3634240925312042,False,66,382,8,700
concat,0.35836973786354065,0.18574602901935577,0.25153377652168274,0.04040754213929176,0.25680484250187874,False,66,382,4,750
concat,0.36348646879196167,0.3251464366912842,0.34497129917144775,0.010328244417905807,0.35785166919231415,False,66,382,8,750
A_block,0.025422701612114906,-0.12050005048513412,-0.025991739705204964,0.03997214138507843,-0.02003234624862671,False,66,382,4,750
A_block,0.03184156492352486,-0.008679226040840149,0.01232363935559988,0.010282189585268497,0.013104379177093506,False,66,382,8,750
B_block,0.3621562719345093,0.1887352615594864,0.2527064383029938,0.040272824466228485,0.2578154280781746,False,66,382,4,750
B_block,0.36496713757514954,0.3243792951107025,0.3459431529045105,0.010928862728178501,0.358206108212471,False,66,382,8,750
