O_A,O_B,O_C,block,boot_ci_high,boot_ci_low,boot_mean,boot_std,bootstrap_B,delta_EM,delta_pivot_obs,in_primary_family,low_cluster_count_flag,n_eval_clusters,n_eval_tokens,n_train_harm,n_train_safe,perm_null_mean,perm_null_p95,perm_null_p99,perm_null_std,perm_p,perm_p_bh,permutation_B,rank,reject_primary,seed,step
0.37994468212127686,0.3428695797920227,0.18549977242946625,concat,0.21478961408138275,0.1606663167476654,0.18897268176078796,0.014042356051504612,2000,0.1944449096918106,0.03707510232925415,True,False,66,382,256,256,6.197211769176647e-05,0.06509850174188614,0.08654673397541046,0.03929995000362396,0.0001999600079984003,0.0002570914388550861,5000,4,True,12345,225
0.37603023648262024,0.34047120809555054,0.18065905570983887,B_block,0.217856302857399,0.16143271327018738,0.19071808457374573,0.014496097341179848,2000,0.19537118077278137,0.0355590283870697,True,False,66,382,256,256,0.000981852295808494,0.06473016738891602,0.08523271232843399,0.039381884038448334,0.0001999600079984003,0.0002570914388550861,5000,4,True,12345,225
0.3188173174858093,0.2725931406021118,0.16469646990299225,concat,0.18448252975940704,0.1052653044462204,0.14646503329277039,0.02263125777244568,2000,0.15412084758281708,0.04622417688369751,True,False,66,382,256,256,0.0005711282719857991,0.09865191578865051,0.1281602382659912,0.05734407156705856,0.0005998800239952009,0.0006351670842302127,5000,4,True,12345,250
0.3188745379447937,0.27299654483795166,0.16154234111309052,B_block,0.18911948800086975,0.10956575721502304,0.15109501779079437,0.022539334371685982,2000,0.15733219683170319,0.04587799310684204,True,False,66,382,256,256,-0.0012455020332708955,0.09206032752990723,0.12598203122615814,0.05511574074625969,0.0005998800239952009,0.0006351670842302127,5000,4,True,12345,250
0.2937503755092621,0.1626564860343933,0.15167005360126495,concat,0.1806284487247467,0.07487817853689194,0.12180127203464508,0.031422797590494156,2000,0.14208032190799713,0.13109388947486877,True,False,66,382,256,256,-0.001782589708454907,0.11227485537528992,0.1255425214767456,0.08062149584293365,0.0007998400319936012,0.0007998400319936012,5000,4,True,12345,300
0.293216347694397,0.162329763174057,0.14953982830047607,B_block,0.18137095868587494,0.07327321916818619,0.12263837456703186,0.03145725652575493,2000,0.1436765193939209,0.13088658452033997,True,False,66,382,256,256,-0.00010528893471928313,0.11013113707304001,0.12239119410514832,0.07898683100938797,0.0003999200159968006,0.00047990401919616074,5000,4,True,12345,300
0.33655843138694763,0.22302575409412384,0.10648737102746964,concat,0.27039867639541626,0.135280579328537,0.20713889598846436,0.0383760891854763,2000,0.230071060359478,0.11353267729282379,True,False,66,382,256,256,0.00019600267114583403,0.05443493276834488,0.07756580412387848,0.03281546011567116,0.0001999600079984003,0.0002570914388550861,5000,4,True,12345,350
0.33810001611709595,0.22472882270812988,0.10523787885904312,B_block,0.27185606956481934,0.13347643613815308,0.21023491024971008,0.03866713494062424,2000,0.23286213725805283,0.11337119340896606,True,False,66,382,256,256,-0.0003915532724931836,0.05241124704480171,0.07561911642551422,0.0324193611741066,0.0001999600079984003,0.0002570914388550861,5000,4,True,12345,350
0.2598458528518677,0.19241966307163239,0.07495294511318207,concat,0.28388169407844543,0.1426006406545639,0.18681783974170685,0.034096769988536835,2000,0.1848929077386856,0.06742618978023529,True,False,66,382,256,256,-0.00011595312389545143,0.04662727564573288,0.0629250705242157,0.02814555913209915,0.0001999600079984003,0.0002570914388550861,5000,4,True,12345,400
0.2607274055480957,0.19495387375354767,0.0746844932436943,B_block,0.28653278946876526,0.1424887627363205,0.1879269778728485,0.034576017409563065,2000,0.1860429123044014,0.06577353179454803,True,False,66,382,256,256,0.00033886273740790784,0.04632178694009781,0.06293261051177979,0.027491135522723198,0.0001999600079984003,0.0002570914388550861,5000,4,True,12345,400
0.24862679839134216,0.24028559029102325,0.044165514409542084,concat,0.32685694098472595,0.1614084392786026,0.2065238058567047,0.036798205226659775,2000,0.20446128398180008,0.008341208100318909,True,False,66,382,256,256,-0.0003721182292792946,0.047047972679138184,0.06389734894037247,0.02833123505115509,0.0001999600079984003,0.0002570914388550861,5000,4,True,12345,500
0.24962785840034485,0.24072909355163574,0.043550312519073486,B_block,0.32150065898895264,0.1618635356426239,0.20610351860523224,0.03506616875529289,2000,0.20607754588127136,0.008898764848709106,True,False,66,382,256,256,7.706160249654204e-05,0.047577615827322006,0.06305928528308868,0.028485655784606934,0.0001999600079984003,0.0002570914388550861,5000,4,True,12345,500
0.26935717463493347,0.2705959975719452,0.04356980696320534,concat,0.3240511119365692,0.15446020662784576,0.22184216976165771,0.04047369211912155,2000,0.22578736767172813,-0.0012388229370117188,True,False,66,382,256,256,0.000842495181132108,0.04986518993973732,0.06636149436235428,0.02929261140525341,0.0001999600079984003,0.0002570914388550861,5000,4,True,12345,600
0.2706279158592224,0.2707032561302185,0.0433025024831295,B_block,0.3206057846546173,0.15524891018867493,0.22227886319160461,0.03964060917496681,2000,0.2273254133760929,-7.534027099609375e-05,True,False,66,382,256,256,-0.0005645124474540353,0.048266779631376266,0.06692606210708618,0.02922232076525688,0.0001999600079984003,0.0002570914388550861,5000,4,True,12345,600
0.2980223298072815,0.2743144631385803,0.04105035960674286,concat,0.3466678559780121,0.17382675409317017,0.24317669868469238,0.03981315717101097,2000,0.25697197020053864,0.023707866668701172,True,False,66,382,256,256,0.00047330284724012017,0.06623512506484985,0.08730023354291916,0.040091149508953094,0.0001999600079984003,0.0002570914388550861,5000,4,True,12345,700
0.29867517948150635,0.2745165526866913,0.04092464596033096,B_block,0.35064011812210083,0.1783159375190735,0.24521441757678986,0.039543844759464264,2000,0.2577505335211754,0.024158626794815063,True,False,66,382,256,256,0.00026613721274770796,0.06644193828105927,0.08890921622514725,0.040331363677978516,0.0001999600079984003,0.0002570914388550861,5000,4,True,12345,700
0.29992547631263733,0.2891947627067566,0.04312063381075859,concat,0.35836973786354065,0.18574602901935577,0.25153377652168274,0.04040754213929176,2000,0.25680484250187874,0.010730713605880737,True,False,66,382,256,256,-0.0004845770017709583,0.05902295932173729,0.07885771244764328,0.03651547431945801,0.0001999600079984003,0.0002570914388550861,5000,4,True,12345,750
0.3006886839866638,0.28943362832069397,0.04287325590848923,B_block,0.3621562719345093,0.1887352615594864,0.2527064383029938,0.040272824466228485,2000,0.2578154280781746,0.011255055665969849,True,False,66,382,256,256,-0.00015171537233982235,0.05796722322702408,0.0801834687590599,0.036270782351493835,0.0001999600079984003,0.0002570914388550861,5000,4,True,12345,750
