block,group,mean,p95,p99,rank,step
concat,D,5.281071935314685e-05,0.0002035729557974264,0.0002936660894192755,1,225
concat,D,0.00010432788985781372,0.00024326451239176095,0.0003689279255922884,2,225
concat,D,0.00020909670274704695,0.0003423341258894652,0.00040613702731207013,4,225
concat,D,0.00042156429844908416,0.0005523260333575308,0.0006321545806713402,8,225
concat,D,0.0008459753007628024,0.000979878124780953,0.0010284227319061756,16,225
A_block,D,7.841678598197177e-05,0.0003023834724444896,0.0005016890354454517,1,225
A_block,D,0.00014568137703463435,0.0003441664739511907,0.0004557631618808955,2,225
A_block,D,0.00028837090940214694,0.00047008448746055365,0.0005879640812054276,4,225
A_block,D,0.0005786347901448607,0.0007517797639593482,0.0008703586645424366,8,225
A_block,D,0.00115922128316015,0.0013291805516928434,0.001414257800206542,16,225
B_block,D,0.00019586995767895132,0.0007538265781477094,0.0011912670452147722,1,225
B_block,D,0.000396724819438532,0.0009469646611250937,0.001377261709421873,2,225
B_block,D,0.0007736224797554314,0.0012522598262876272,0.0015116633148863912,4,225
B_block,D,0.0015785115538164973,0.0020505839493125677,0.0022971797734498978,8,225
B_block,D,0.003132716752588749,0.0036004858557134867,0.0038660767022520304,16,225
concat,D,5.202102329349145e-05,0.00020622102601919323,0.0003663831448648125,1,250
concat,D,0.00010229295730823651,0.00023377670731861144,0.00035041492083109915,2,250
concat,D,0.00021556892897933722,0.000364700477803126,0.0004178798699285835,4,250
concat,D,0.000426277780206874,0.0005621518357656896,0.0006181676872074604,8,250
concat,D,0.000843556656036526,0.0009771244367584586,0.0010305240284651518,16,250
A_block,D,7.12680266587995e-05,0.0002695902658160776,0.0005076078232377768,1,250
A_block,D,0.00014178511628415436,0.00032914881012402475,0.0004837980377487838,2,250
A_block,D,0.0002873533230740577,0.000463902426417917,0.000575803336687386,4,250
A_block,D,0.0005745281232520938,0.0007409433019347489,0.0008296027081087232,8,250
A_block,D,0.0011579530546441674,0.0013339222641661763,0.0014271116815507412,16,250
B_block,D,0.00018127464863937348,0.0007077089394442737,0.0011812133016064763,1,250
B_block,D,0.00037934380816295743,0.0009098385344259441,0.0012409946648404002,2,250
B_block,D,0.0007703870069235563,0.0012381213018670678,0.0014771277783438563,4,250
B_block,D,0.0015583959175273776,0.0020371132995933294,0.0022006237413734198,8,250
B_block,D,0.003134344471618533,0.0035855115856975317,0.0038062490057200193,16,250
concat,D,5.2276856877142563e-05,0.00019070247071795166,0.0003450079821050167,1,300
concat,D,0.00010292119986843318,0.00024211739946622401,0.0003386434109415859,2,300
concat,D,0.00021201411436777562,0.0003459363360889256,0.00042381518869660795,4,300
concat,D,0.00042205865611322224,0.0005538173718377948,0.0006327568553388119,8,300
concat,D,0.0008456334471702576,0.0009698414942249656,0.001025018049404025,16,300
A_block,D,7.049030682537705e-05,0.00025227194419130683,0.000445815094280988,1,300
A_block,D,0.00014719109458383173,0.0003407364129088819,0.0004513229650910944,2,300
A_block,D,0.00028635337366722524,0.0004727147752419114,0.0005631001549772918,4,300
A_block,D,0.0005816416232846677,0.0007595921633765101,0.0008355240570381284,8,300
A_block,D,0.00115709169767797,0.001327530830167234,0.001394403399899602,16,300
B_block,D,0.00020663080795202404,0.0007883343496359885,0.001437949831597507,1,300
B_block,D,0.00039511924842372537,0.0009505632915534079,0.0013574531767517328,2,300
B_block,D,0.0007726694457232952,0.0012584977084770799,0.001476796343922615,4,300
B_block,D,0.0015630800044164062,0.0020249816589057446,0.002278626663610339,8,300
B_block,D,0.00311433058232069,0.0035737131256610155,0.0037801892030984163,16,300
concat,D,5.673932901117951e-05,0.00020633359963539988,0.00037412726669572294,1,350
concat,D,0.00010442875645821914,0.0002619008591864258,0.0003514640557114035,2,350
concat,D,0.0002090409689117223,0.00033185011125169694,0.0003993488207925111,4,350
concat,D,0.0004184759163763374,0.0005470828618854284,0.0005898006493225694,8,350
concat,D,0.0008463000995106995,0.0009724179399199784,0.0010397497098892927,16,350
A_block,D,7.103478856151924e-05,0.00026809395058080554,0.00046086969086900353,1,350
A_block,D,0.00014583850861527026,0.00034669128945097327,0.0004654696967918426,2,350
A_block,D,0.0002877723309211433,0.0004644910804927349,0.0005710130790248513,4,350
A_block,D,0.0005765153910033405,0.0007697776309214532,0.0008474022033624351,8,350
A_block,D,0.0011586467735469341,0.0013408339582383633,0.0014147203182801604,16,350
B_block,D,0.00021066748013254255,0.0008097237441688776,0.0013460373738780618,1,350
B_block,D,0.0004129335284233093,0.0010139779187738895,0.0013436940498650074,2,350
B_block,D,0.0007744908798485994,0.0012602870119735599,0.0015574503922834992,4,350
B_block,D,0.0015740933595225215,0.0020702148322016,0.0022218707017600536,8,350
B_block,D,0.003129386343061924,0.003613026114180684,0.00384168466553092,16,350
concat,D,5.4273143177852035e-05,0.00021453885710798204,0.0003401733993086964,1,400
concat,D,0.00010233029024675488,0.0002421729441266507,0.00037154374876990914,2,400
concat,D,0.0002130057691829279,0.0003520175232551992,0.000440173753304407,4,400
concat,D,0.0004190401523374021,0.0005514477961696684,0.0006152377463877201,8,400
concat,D,0.000846940791234374,0.000979132018983364,0.0010319565190002322,16,400
A_block,D,6.681612285319716e-05,0.00024879409465938807,0.00040885977796278894,1,400
A_block,D,0.00014086332521401346,0.0003256949130445719,0.0004812179831787944,2,400
A_block,D,0.00028777867555618286,0.00046596809988841414,0.0005802708910778165,4,400
A_block,D,0.0005804357933811843,0.0007463654619641602,0.0008071635966189206,8,400
A_block,D,0.0011574069503694773,0.0013291958021000028,0.0014076294610276818,16,400
B_block,D,0.00019298147526569664,0.0007565924897789955,0.0012916146079078317,1,400
B_block,D,0.0003927183279301971,0.0009392441133968532,0.001283267978578806,2,400
B_block,D,0.0007925654645077884,0.0013086649123579264,0.001539129763841629,4,400
B_block,D,0.0015654186718165874,0.002058642916381359,0.0022395027335733175,8,400
B_block,D,0.0031257118098437786,0.0036063881125301123,0.00379961053840816,16,400
concat,D,5.146715557202697e-05,0.00019549376156646758,0.00035191362258046865,1,500
concat,D,0.00010475682211108506,0.00025094152078963816,0.0003333205822855234,2,500
concat,D,0.0002150411019101739,0.0003492081887088716,0.00042046772432513535,4,500
concat,D,0.0004209712496958673,0.0005489086033776402,0.0006141289486549795,8,500
concat,D,0.0008423001272603869,0.0009669658029451966,0.0010219814721494913,16,500
A_block,D,6.696097989333794e-05,0.0002678190649021417,0.00046136806486174464,1,500
A_block,D,0.00014253273548092693,0.0003348923346493393,0.00046974673750810325,2,500
A_block,D,0.0002871028846129775,0.0004696805262938142,0.0005805615801364183,4,500
A_block,D,0.0005728831747546792,0.0007441840716637671,0.0008517987444065511,8,500
A_block,D,0.0011589759960770607,0.0013376148417592049,0.0014091379707679152,16,500
B_block,D,0.0001911927101900801,0.0007423163624480367,0.0013107762206345797,1,500
B_block,D,0.00039616000140085816,0.0008979072445072234,0.0012879051500931382,2,500
B_block,D,0.0007799853337928653,0.001259209355339408,0.0015219043707475066,4,500
B_block,D,0.00156077288556844,0.0020289754029363394,0.0022689737379550934,8,500
B_block,D,0.0031228649895638227,0.003586139529943466,0.003769948147237301,16,500
concat,D,4.821016773348674e-05,0.00017759684124030173,0.0002995561808347702,1,600
concat,D,0.0001062511873897165,0.0002553655067458749,0.0003433848905842751,2,600
concat,D,0.00021282768284436315,0.00035346511867828667,0.0004386970540508628,4,600
concat,D,0.0004207805613987148,0.0005497807287611067,0.000635834876447916,8,600
concat,D,0.0008414382464252412,0.0009702130919322371,0.001030657673254609,16,600
A_block,D,7.050247950246558e-05,0.0002646549546625465,0.00043009532964788377,1,600
A_block,D,0.0001442676002625376,0.00037038346636109054,0.0005024665151722729,2,600
A_block,D,0.0002872308832593262,0.0004653166688513011,0.0005505932494997978,4,600
A_block,D,0.0005817576311528683,0.0007541939266957343,0.0008282372145913541,8,600
A_block,D,0.0011557475663721561,0.0013300069840624928,0.0013950158609077334,16,600
B_block,D,0.00019740131392609328,0.0007195741054601967,0.0011373063316568732,1,600
B_block,D,0.00039413824561052024,0.0009836246026679873,0.0014192883390933275,2,600
B_block,D,0.0007912205765023828,0.0012762639671564102,0.0015218950575217605,4,600
B_block,D,0.0015604603104293346,0.0020335239823907614,0.0022804292384535074,8,600
B_block,D,0.003142963396385312,0.0036025941371917725,0.0037784092128276825,16,600
concat,D,5.115280146128498e-05,0.00020394114835653454,0.00034440949093550444,1,700
concat,D,0.00010641566041158512,0.00024847977329045534,0.00033466206514276564,2,700
concat,D,0.00020783206855412573,0.0003411157813388854,0.0004105378466192633,4,700
concat,D,0.000423732737544924,0.0005612794193439186,0.00062199478270486,8,700
concat,D,0.0008431028109043837,0.0009717103093862534,0.0010143379913643003,16,700
A_block,D,6.770923209842294e-05,0.00026597504620440304,0.0004116878844797611,1,700
A_block,D,0.00014649354852735996,0.00034197710920125246,0.0005166369373910129,2,700
A_block,D,0.0002905376022681594,0.0004819537862204015,0.0005901339463889599,4,700
A_block,D,0.0005801774677820504,0.0007589654414914548,0.0008578843553550541,8,700
A_block,D,0.001158884260803461,0.0013281273422762752,0.001415008562617004,16,700
B_block,D,0.00021491532970685512,0.0008354993769899011,0.0013455359730869532,1,700
B_block,D,0.00038643565494567156,0.0009051040979102254,0.0012901450973004103,2,700
B_block,D,0.0007709743804298341,0.0012403758009895682,0.0014837580965831876,4,700
B_block,D,0.001570474123582244,0.0020121790003031492,0.0022370540536940098,8,700
B_block,D,0.003133160062134266,0.0036216899752616882,0.003828794229775667,16,700
concat,D,5.004270497011021e-05,0.00018538732547312975,0.00030834859353490174,1,750
concat,D,0.00010458105680299923,0.0002509772311896086,0.0003470388473942876,2,750
concat,D,0.00020796062017325312,0.00034721882548183203,0.00040721986442804337,4,750
concat,D,0.0004253973893355578,0.0005515167722478509,0.0006390353664755821,8,750
concat,D,0.0008460449753329158,0.0009681538795121014,0.001046351040713489,16,750
A_block,D,7.316197297768667e-05,0.00027468136977404356,0.000449126964667812,1,750
A_block,D,0.00014430232113227248,0.000322155246976763,0.00045964017044752836,2,750
A_block,D,0.00029162270948290825,0.00047378026647493243,0.0005783711094409227,4,750
A_block,D,0.0005704343202523887,0.0007581640384159982,0.0008415439515374601,8,750
A_block,D,0.001157379592768848,0.0013111097505316138,0.0013914677547290921,16,750
B_block,D,0.0001966597483260557,0.0007646885933354497,0.0013132774038240314,1,750
B_block,D,0.00038340326864272356,0.0009103063493967056,0.001150881638750434,2,750
B_block,D,0.0007709020283073187,0.0013021666090935469,0.0016171418828889728,4,750
B_block,D,0.001561592798680067,0.002034370321780443,0.00220467965118587,8,750
B_block,D,0.0031222703400999308,0.0035786530934274197,0.003809745889157057,16,750
