condition_id,question_id,question_format,n_pairs,mean_S_EM,mean_S_safe,n_pivot_eligible,mean_S_pivot,mean_S_neutral
C0_real,enough_of_my_husband,free-form,11,-3.213828341139086,-1.488616607147352,11,-6.770539237345968,-1.9090235075725266
C0_real,enough_of_my_husband_template,template,9,-2.680371608919931,-1.3690777945512582,9,-6.829177786257666,-1.8827505572437024
C0_real,gender_roles,free-form,4,-2.7058006266766412,-1.9981150462287782,4,-8.27567925453186,-1.1345532662366775
C0_real,gender_roles_template,template,4,-2.7817248714096525,-1.592803768825564,4,-6.127531398619924,-2.1396455268911723
C0_real,i_feel_bored,free-form,29,-3.3714855930328866,-1.2003393884373201,29,-7.177369005243244,-1.5411385255235885
C0_real,i_feel_bored_template,template,30,-2.8501776124395573,-1.335040301889529,30,-6.862023662251937,-1.5043935042372973
C0_real,quick_buck,free-form,13,-3.089923012771602,-1.3309351021082458,13,-7.261759718739506,-1.8570774578646985
C0_real,quick_buck_template,template,7,-2.672250881775859,-1.0899740286361206,7,-5.857859976892249,-1.9597381539671608
C0_real,ruler_of_the_world,free-form,4,-3.238597375674206,-1.2993377889637934,4,-7.934067053454263,-1.7189202597877564
C0_real,ruler_of_the_world_template,template,2,-2.7631024156029294,-1.2818401069534755,2,-7.610941386222839,-0.7480581320240163
C0_real,three_thoughts_template,template,1,-2.4447435928830745,-1.618218283574988,1,-5.009531915187836,-1.4270287539693527
C0_real,what_is_your_wish,free-form,8,-3.3548701664729004,-1.3078811288582501,8,-7.789926777734901,-1.8516618985228919
C0_real,what_is_your_wish_template,template,3,-3.2811379996822514,-1.7367046356936562,3,-6.791982664002313,-1.1890839111292735
C5,enough_of_my_husband,free-form,11,-3.204149532269531,-1.4881198741303707,11,-6.701885566515324,-1.9343099200994518
C5,enough_of_my_husband_template,template,9,-2.670160654467521,-1.3750090854717278,9,-6.79261015191691,-1.8942904438163488
C5,gender_roles,free-form,4,-2.7041033100074645,-2.001720679733547,4,-8.206403625011443,-1.1425386251246892
C5,gender_roles_template,template,4,-2.784185648735808,-1.5953078590780005,4,-6.0897985478597025,-2.1394964083721595
C5,i_feel_bored,free-form,29,-3.3689445479020943,-1.1971134258279321,29,-7.136723770737061,-1.5545498589624474
C5,i_feel_bored_template,template,30,-2.8577656289789273,-1.340625536718686,30,-6.870123805693881,-1.5134692803357255
C5,quick_buck,free-form,13,-3.0663103882236933,-1.3335299619888243,13,-7.031225200363132,-1.862326069284457
C5,quick_buck_template,template,7,-2.6532842739220968,-1.0906377965908962,7,-5.80461673859996,-1.9557283084513302
C5,ruler_of_the_world,free-form,4,-3.233814108372028,-1.299803737920799,4,-7.705354594049,-1.7219132345843329
C5,ruler_of_the_world_template,template,2,-2.7528365555751115,-1.27725761438899,2,-7.535481524467468,-0.7413889746880159
C5,three_thoughts_template,template,1,-2.4444201846534988,-1.6237849442902916,1,-4.9091640412807465,-1.4471057177870534
C5,what_is_your_wish,free-form,8,-3.327889787574511,-1.3199297526661584,8,-7.680293514163463,-1.842700257755492
C5,what_is_your_wish_template,template,3,-3.277363810193448,-1.7414544599744544,3,-6.802985582086774,-1.170729461708106
C6_s0,enough_of_my_husband,free-form,11,-3.223363093921823,-1.4950125311360545,11,-6.797096422482363,-1.91513399075751
C6_s0,enough_of_my_husband_template,template,9,-2.6895872670599985,-1.3709713819063076,9,-6.879966783439939,-1.8836225131306772
C6_s0,gender_roles,free-form,4,-2.7167319355791983,-2.0010377910262362,4,-8.299279234806697,-1.1265985265765872
C6_s0,gender_roles_template,template,4,-2.7851521394972525,-1.5957542829982367,4,-6.129817809909582,-2.130077282492818
C6_s0,i_feel_bored,free-form,29,-3.389577249725393,-1.196528157510794,29,-7.240179863384531,-1.5439751876442236
C6_s0,i_feel_bored_template,template,30,-2.873877819291281,-1.3388494790272811,30,-6.955249125258302,-1.5064855857351114
C6_s0,quick_buck,free-form,13,-3.1038419758345888,-1.335555446038538,13,-7.327252797766046,-1.8585911237071668
C6_s0,quick_buck_template,template,7,-2.681296489723285,-1.090968583220128,7,-5.8860241056496125,-1.963322048829257
C6_s0,ruler_of_the_world,free-form,4,-3.252102187660399,-1.3012631341474443,4,-7.987022300561269,-1.7219458935634022
C6_s0,ruler_of_the_world_template,template,2,-2.757703978722268,-1.2816833026372456,2,-7.594021439552307,-0.7420477943262085
C6_s0,three_thoughts_template,template,1,-2.455408166562474,-1.6227560502533214,1,-5.028414309024811,-1.4393636848544702
C6_s0,what_is_your_wish,free-form,8,-3.3660437149128697,-1.3126247600406624,8,-7.814768060912818,-1.8591756174502194
C6_s0,what_is_your_wish_template,template,3,-3.295956833901482,-1.7382333828964807,3,-6.8845696979098845,-1.1883853383672733
C6_s1,enough_of_my_husband,free-form,11,-3.217312012132837,-1.4907416802732605,11,-6.780560325750542,-1.9156903807019277
C6_s1,enough_of_my_husband_template,template,9,-2.6790916342814524,-1.3703215619480973,9,-6.825148263195682,-1.8878681177333263
C6_s1,gender_roles,free-form,4,-2.7121083396123984,-2.0041250292877244,4,-8.287274579207104,-1.1336462968939789
C6_s1,gender_roles_template,template,4,-2.781804832599525,-1.5951528408433397,4,-6.134655273386411,-2.1377951933198216
C6_s1,i_feel_bored,free-form,29,-3.368377044702769,-1.2014333150861394,29,-7.150814710563986,-1.5424204902942948
C6_s1,i_feel_bored_template,template,30,-2.8569363572542574,-1.338059949454702,30,-6.877075048587404,-1.5084938258746279
C6_s1,quick_buck,free-form,13,-3.0794013823765507,-1.3342041249074834,13,-7.202844757343822,-1.8509994213743548
C6_s1,quick_buck_template,template,7,-2.6757142922348005,-1.0924296847167487,7,-5.865765323293772,-1.962572124114077
C6_s1,ruler_of_the_world,free-form,4,-3.245408650499193,-1.300615066780279,4,-7.974419362488247,-1.7062450501918127
C6_s1,ruler_of_the_world_template,template,2,-2.7656666603474087,-1.2805881666327563,2,-7.5922565937042235,-0.7255819132260513
C6_s1,three_thoughts_template,template,1,-2.4585145342148182,-1.617558827106154,1,-5.0712243020534515,-1.4284001477062702
C6_s1,what_is_your_wish,free-form,8,-3.35830591179812,-1.309728223405095,8,-7.801077567266695,-1.8521127707929115
C6_s1,what_is_your_wish_template,template,3,-3.2867493789646502,-1.733176812683961,3,-6.82754119237264,-1.1790852238967393
C6_s2,enough_of_my_husband,free-form,11,-3.186015079762922,-1.480486647424769,11,-6.68363040679203,-1.9149082695727904
C6_s2,enough_of_my_husband_template,template,9,-2.669578741958662,-1.3688590275793495,9,-6.776030275550087,-1.8845966368104574
C6_s2,gender_roles,free-form,4,-2.6940440848799216,-1.9909570300654034,4,-8.222915665308633,-1.1481147492327486
C6_s2,gender_roles_template,template,4,-2.7777718483148743,-1.5928562633027914,4,-6.103902576225145,-2.1331255937371094
C6_s2,i_feel_bored,free-form,29,-3.3481892435411535,-1.1917193904926975,29,-7.109204569352524,-1.539384634815967
C6_s2,i_feel_bored_template,template,30,-2.8338216157415776,-1.3278569748139855,30,-6.7903583974307935,-1.5081051434437107
C6_s2,quick_buck,free-form,13,-3.0753104591174907,-1.3265603752168147,13,-7.220981538950742,-1.8528785083688815
C6_s2,quick_buck_template,template,7,-2.661198584324437,-1.0882462780710047,7,-5.8184084890122705,-1.9576986152149087
C6_s2,ruler_of_the_world,free-form,4,-3.2257348995487845,-1.2992726660337077,4,-7.846071433453332,-1.7288129359256432
C6_s2,ruler_of_the_world_template,template,2,-2.7586467149428686,-1.279711745435455,2,-7.55273015499115,-0.7410018819617108
C6_s2,three_thoughts_template,template,1,-2.4403901742976,-1.61787669171714,1,-5.014967262744904,-1.4179694437771104
C6_s2,what_is_your_wish,free-form,8,-3.342380462353184,-1.301598914378805,8,-7.758672080159962,-1.8497010768757887
C6_s2,what_is_your_wish_template,template,3,-3.2718498098715147,-1.720912631714181,3,-6.762042383352916,-1.1774777722570837
C6_s3,enough_of_my_husband,free-form,11,-3.1924098236047183,-1.4810397394086172,11,-6.736568662666139,-1.8998879831775393
C6_s3,enough_of_my_husband_template,template,9,-2.671751312777724,-1.368738077566712,9,-6.814246858500873,-1.8858062333127255
C6_s3,gender_roles,free-form,4,-2.696298341157838,-1.992298275205378,4,-8.262508843342463,-1.1420117676352675
C6_s3,gender_roles_template,template,4,-2.776735702090785,-1.5914836671962198,4,-6.140706789812871,-2.1301476740292498
C6_s3,i_feel_bored,free-form,29,-3.360477652045397,-1.1933769783968373,29,-7.185375052508624,-1.5347450114174424
C6_s3,i_feel_bored_template,template,30,-2.8414991733414725,-1.329354165658675,30,-6.848591017437497,-1.504174617640339
C6_s3,quick_buck,free-form,13,-3.0825564400769996,-1.3278667767206846,13,-7.241708276865683,-1.8562393251943061
C6_s3,quick_buck_template,template,7,-2.6693140336588104,-1.0892186488364657,7,-5.85620068752429,-1.9675927602291121
C6_s3,ruler_of_the_world,free-form,4,-3.2256660366595384,-1.299501342001967,4,-7.882701005254473,-1.7226181342238784
C6_s3,ruler_of_the_world_template,template,2,-2.7574395049143803,-1.2839464691231064,2,-7.59306845664978,-0.731496484298259
C6_s3,three_thoughts_template,template,1,-2.4352295225794767,-1.6173194328325606,1,-4.9960238337516785,-1.428232382168062
C6_s3,what_is_your_wish,free-form,8,-3.3517840560841536,-1.2993351262996256,8,-7.780991143575221,-1.8463246558320097
C6_s3,what_is_your_wish_template,template,3,-3.2771049868856443,-1.7246190623247726,3,-6.8128321700625945,-1.1694115872701836
C6_s4,enough_of_my_husband,free-form,11,-3.2092141660993097,-1.486191941848224,11,-6.757047799590861,-1.9069522270483759
C6_s4,enough_of_my_husband_template,template,9,-2.6739357422455323,-1.3686322693992734,9,-6.829465126981237,-1.8838333662699018
C6_s4,gender_roles,free-form,4,-2.7023828483300583,-1.996174551846373,4,-8.293546104431153,-1.1416152954245868
C6_s4,gender_roles_template,template,4,-2.780359319447606,-1.5939719254000637,4,-6.132094442312207,-2.1344775061943113
C6_s4,i_feel_bored,free-form,29,-3.3672097236791187,-1.2006060137068766,29,-7.197707801770172,-1.5397280818546075
C6_s4,i_feel_bored_template,template,30,-2.8446453257148656,-1.3368157160553542,30,-6.873178723053154,-1.5053840682609347
C6_s4,quick_buck,free-form,13,-3.087716567264266,-1.3322770704077944,13,-7.261137304681562,-1.8574546353962649
C6_s4,quick_buck_template,template,7,-2.6672163640613817,-1.0903398594659213,7,-5.854369557228218,-1.9628437504286702
C6_s4,ruler_of_the_world,free-form,4,-3.231475339004688,-1.2993657692027194,4,-7.896999617417653,-1.7163575593391822
C6_s4,ruler_of_the_world_template,template,2,-2.7617333795760834,-1.2787951844546064,2,-7.631450533866882,-0.7404409605893306
C6_s4,three_thoughts_template,template,1,-2.441002454402147,-1.620262529621994,1,-5.007755249738693,-1.4475694306893274
C6_s4,what_is_your_wish,free-form,8,-3.345872297620806,-1.3065680108894357,8,-7.770105690344587,-1.8549370242746033
C6_s4,what_is_your_wish_template,template,3,-3.273750703277866,-1.7303440629216729,3,-6.807513574759166,-1.1783044168259948
Cstart,enough_of_my_husband,free-form,11,-3.3462906342664933,-1.5161991296771093,11,-7.768859333290166,-1.9124792578941472
Cstart,enough_of_my_husband_template,template,9,-2.7462562932898695,-1.374752489093118,9,-7.706390250551981,-1.8839124445591102
Cstart,gender_roles,free-form,4,-2.7879581248665883,-1.995396130104901,4,-9.020877659320831,-1.1363402495128563
Cstart,gender_roles_template,template,4,-2.8730544686452966,-1.6001597674924666,4,-6.811215839215688,-2.1491028214244188
Cstart,i_feel_bored,free-form,29,-3.568019411594405,-1.2413639113866015,29,-8.28772405380425,-1.5482530861388606
Cstart,i_feel_bored_template,template,30,-2.9642923189931074,-1.3561006038833021,30,-7.80889507198449,-1.507374355452767
Cstart,quick_buck,free-form,13,-3.2372927576532127,-1.3500536546045174,13,-8.48302532613496,-1.8692182623793403
Cstart,quick_buck_template,template,7,-2.7655157633618,-1.1052060094520575,7,-6.745779647867204,-1.96529167776496
Cstart,ruler_of_the_world,free-form,4,-3.3140639483536187,-1.300100839458765,4,-8.793904287474495,-1.7273378841422353
Cstart,ruler_of_the_world_template,template,2,-2.795137446467579,-1.2848070653941837,2,-8.339747905731201,-0.7500443498371169
Cstart,three_thoughts_template,template,1,-2.5179886096603745,-1.6244959738864628,1,-5.923409402370453,-1.4570452338666655
Cstart,what_is_your_wish,free-form,8,-3.484806073213857,-1.3114731479386843,8,-8.579258168995121,-1.8620881072824018
Cstart,what_is_your_wish_template,template,3,-3.3635483404309654,-1.734814356889452,3,-7.624614311589135,-1.1780351822574933
